0,3046 FOREST LN STE B,DALLAS,TX,75234
1,1122 W CENTERVILLE RD,GARLAND,TX,75041
2,6421 RIVERSIDE DR STE 110,IRVING,TX,75039
3,1639 S BUCKNER BLVD,DALLAS,TX,75217
4,5181 KELLER SPRINGS RD STE 103,DALLAS,TX,75248
5,1900 S JOSEY LN,CARROLLTON,TX,75006
6,3310 LAVON DR,GARLAND,TX,75040
7,4601 N STATE HIGHWAY 161,IRVING,TX,75038
8,1600 MARSH LN STE 100,CARROLLTON,TX,75006
9,6906 SNIDER PLZ,DALLAS,TX,75205
10,2615 OAK LAWN AVE STE 110,DALLAS,TX,75219
11,5334 ROSS AVE,DALLAS,TX,75206
12,2233 N PRAIRIE CREEK RD,DALLAS,TX,75227
13,4136 S CARRIER PKWY STE 350,GRAND PRAIRIE,TX,75052
14,757 LAKE CAROLYN PKWY APT 1235,IRVING,TX,75039
15,2645 ARAPAHO ROAD,GARLAND,TX,75044
16,4928 COLUMBIA AVE,DALLAS,TX,75214
17,3901 W NORTHGATE DR,IRVING,TX,75062
18,4653 NALL RD STE F2,FARMERS BRANCH,TX,75244
19,4880 SUNNYVALE ST,DALLAS,TX,75216
20,10909 WEBB CHAPEL RD STE 118,DALLAS,TX,75229
21,222 N STORY RD STE 118,IRVING,TX,75061
22,9410 WALNUT ST STE 102,DALLAS,TX,75243
23,2220 MARSH LN STE 100,CARROLLTON,TX,75006
24,1437 S JUPITER RD,GARLAND,TX,75042
25,1303 W BUCKINGHAM RD STE 101,GARLAND,TX,75040
26,1150 W KIEST BLVD STE 201,DALLAS,TX,75224
27,11206 LAKE JUNE RD STE E,BALCH SPRINGS,TX,75180
28,3925 BROADWAY BLVD,GARLAND,TX,75043
29,10020 MARSH LN,DALLAS,TX,75229
30,1235 S JOSEY LN,CARROLLTON,TX,75006
31,801 W PALESTINE ST # 106,HUTCHINS,TX,75141
32,1055 W PLEASANT RUN RD,LANCASTER,TX,75146
33,6214 SAMUELL BLVD,DALLAS,TX,75228
34,13260 JOSEY LN STE 117,FARMERS BRANCH,TX,75234
35,2314 W ILLINOIS AVE,DALLAS,TX,75224
36,5100 BELT LINE RD STE 610,DALLAS,TX,75254
37,1515 N TOWN EAST BLVD STE 121,MESQUITE,TX,75150
38,3195 GREAT TRINITY FOREST WAY # A1,DALLAS,TX,75216
39,3300 SHEPHERD LN STE A,BALCH SPRINGS,TX,75180
40,4702 E GRAND AVE,DALLAS,TX,75223
41,1405 MARTIN LUTHER KING JR BLVD,DALLAS,TX,75215
42,518 W ARAPAHO RD STE B103,RICHARDSON,TX,75080
43,5250 N OCONNOR BLVD STE 140,IRVING,TX,75039
44,11306 LYNDON B JOHNSON FWY STE 100,DALLAS,TX,75238
45,8151 WALTON BLVD,IRVING,TX,75063
46,712 S WALTON WALKER BLVD STE 1-D,DALLAS,TX,75211
47,1820 W BRUTON RD,BALCH SPRINGS,TX,75180
48,2441 W WALNUT ST STE 225,GARLAND,TX,75042
49,2450 WALNUT HILL LN,DALLAS,TX,75229
50,117 S CARROLL AVE,DALLAS,TX,75226
51,1900 N HALL ST,DALLAS,TX,75204
52,797 N GROVE RD STE 105,RICHARDSON,TX,75081
53,2501 LAKEVIEW PKWY,ROWLETT,TX,75088
54,2611 S LANCASTER RD,DALLAS,TX,75216
55,4413 W WALNUT ST STE 309,GARLAND,TX,75042
56,3150 E LEDBETTER DR,DALLAS,TX,75216
57,460 N LAMAR ST # 300,DALLAS,TX,75202
58,6451 RIVERSIDE DR,IRVING,TX,75039
59,8560 FIRESIDE DR,DALLAS,TX,75217
60,2215 S MARSALIS AVE,DALLAS,TX,75216
61,5460 LEMMON AVE,DALLAS,TX,75209
62,1506 S BUCKNER BLVD,DALLAS,TX,75217
63,1202 E INTERSTATE 30,GARLAND,TX,75043
64,1133 N ZANG BLVD STE 105,DALLAS,TX,75203
65,2601 ARAPAHO RD,GARLAND,TX,75044
66,1308 E BEAR CREEK RD STE 270,GLENN HEIGHTS,TX,75154
67,1551 E SPRING VALLEY RD STE 135,RICHARDSON,TX,75081
68,7124 GREENVILLE AVE,DALLAS,TX,75231
69,1109 E HIGHWAY 67,DUNCANVILLE,TX,75137
70,1803 N GALLOWAY AVE,MESQUITE,TX,75149
71,3724 SAMUELL BLVD,DALLAS,TX,75228
72,4218 W LOVERS LN,DALLAS,TX,75209
73,11520 JUPITER RD,DALLAS,TX,75218
74,940 N RIVERFRONT BLVD,DALLAS,TX,75207
75,501 W DAVIS ST,DALLAS,TX,75208
76,509 N HAMPTON RD,DALLAS,TX,75208
77,1445 ROSS AVE STE B101,DALLAS,TX,75202
78,117 S CENTRAL EXPY,RICHARDSON,TX,75080
79,606 VALENCIA ST,DALLAS,TX,75223
80,5431 BOTHAM JEAN BLVD,DALLAS,TX,75215
81,4903 S LANCASTER RD,DALLAS,TX,75216
82,1701 S BECKLEY RD,GLENN HEIGHTS,TX,75154
83,2800 S BECKLEY AVE,DALLAS,TX,75224
84,532 W JEFFERSON BLVD,DALLAS,TX,75208
85,500 W KIEST BLVD,DALLAS,TX,75224
86,6045 SHERRY LN,DALLAS,TX,75225
87,11422 HARRY HINES BLVD STE 210,DALLAS,TX,75229
88,6909 ROWLETT RD STE 104,ROWLETT,TX,75089
89,2434 BELT LINE RD,GARLAND,TX,75044
90,10788 HARRY HINES BLVD STE A12,DALLAS,TX,75220
91,13410 PRESTON RD STE A,DALLAS,TX,75240
92,7170 SKILLMAN ST STE 140,DALLAS,TX,75231
93,2505 FORT WORTH AVE,DALLAS,TX,75211
94,1919 BRYAN ST STE 102,DALLAS,TX,75201
95,4550 GUS THOMASSON RD STE 62,MESQUITE,TX,75150
96,5923 GREENVILLE AVE,DALLAS,TX,75206
97,842 BELT LINE RD,GARLAND,TX,75040
98,3316 OAK LAWN AVE,DALLAS,TX,75219
99,1951 MILITARY PKWY,MESQUITE,TX,75149
100,3305 W WALNUT HILL LN,IRVING,TX,75038
101,1630 VALWOOD PKWY STE 114,CARROLLTON,TX,75006
102,327 S CADIZ,DALLAS,TX,75207
103,14999 PRESTON RD,DALLAS,TX,75254
104,209 S ROGERS RD,IRVING,TX,75060
105,2439 VALWOOD PKWY,FARMERS BRANCH,TX,75234
106,1045 MAJORS DR,MESQUITE,TX,75149
107,1601 NORTHWEST HWY,GARLAND,TX,75041
108,406 N CARRIER PKWY,GRAND PRAIRIE,TX,75050
109,11453 HARRY HINES BLVD STE 100,DALLAS,TX,75229
110,2121 W ROCHELLE RD STE 105,IRVING,TX,75062
111,2627 W JEFFERSON BLVD,DALLAS,TX,75211
112,906 E SHADY GROVE RD,IRVING,TX,75060
113,906 HIGHWAY 66,GARLAND,TX,75040
114,9501 FOREST LN,DALLAS,TX,75243
115,495 W ILLINOIS AVE,DALLAS,TX,75224
116,3405 HIGH PRAIRIE RD,GRAND PRAIRIE,TX,75050
117,1423B N BELT LINE RD,IRVING,TX,75061
118,4010 N MACARTHUR BLVD,IRVING,TX,75038
119,635 W CAMPBELL RD STE 200,RICHARDSON,TX,75080
120,9508 WEBB CHAPEL RD STE 100,DALLAS,TX,75220
121,2506 S BELT LINE RD,GRAND PRAIRIE,TX,75052
122,447 E HIGHWAY 67,DUNCANVILLE,TX,75137
123,2926 N BELT LINE RD,IRVING,TX,75062
124,489 E FM 1382,CEDAR HILL,TX,75104
125,2210 W MAIN ST STE 102,GRAND PRAIRIE,TX,75050
126,2042 TOWN EAST MALL,MESQUITE,TX,75150
127,210 N KAUFMAN ST STE C,SEAGOVILLE,TX,75159
128,3434 W ILLINOIS AVE,DALLAS,TX,75211
129,3380 LOMBARDY LN,DALLAS,TX,75220
130,12209 LAKE JUNE RD,MESQUITE,TX,75180
131,2534 ROYAL LN,DALLAS,TX,75229
132,9850 WALNUT HILL LN STE 224,DALLAS,TX,75238
133,7771 GREAT TRINITY FOREST WAY,DALLAS,TX,75217
134,5329 ROSS AVE,DALLAS,TX,75206
135,3415 MALCOLM X BLVD,DALLAS,TX,75215
136,2314 W ILLINOIS AVE,DALLAS,TX,75224
137,3555 W WALNUT ST STE 203,GARLAND,TX,75042
138,4203 LINDBERGH DR,ADDISON,TX,75001
139,327 W MOCKINGBIRD LN,DALLAS,TX,75247
140,1000 S ROYAL LANE,COPPELL,TX,75019
141,1100 E PLEASANT RUN RD STE 133,DESOTO,TX,75115
142,195 HISTORIC TOWN SQ,LANCASTER,TX,75146
143,8101 S POLK ST,DALLAS,TX,75232
144,4407 W MOCKINGBIRD LN,DALLAS,TX,75209
145,2000 OLD DENTON RD STE 104,CARROLLTON,TX,75006
146,1505 S EWING AVE,DALLAS,TX,75216
147,7000 SNIDER PLZ,UNIVERSITY PARK,TX,75205
148,9430 LARGA DR STE 101,DALLAS,TX,75220
149,8698 SKILLMAN ST,DALLAS,TX,75243
150,500 MAIN ST STE 2,GARLAND,TX,75040
151,11920 PRESTON RD,DALLAS,TX,75230
152,6037 CAMPBELL RD,DALLAS,TX,75248
153,2101 CEDAR SPRINGS RD STE 160,DALLAS,TX,75201
154,1927 E BELT LINE RD STE 136,CARROLLTON,TX,75006
155,3460 WEBB CHAPEL EXT,DALLAS,TX,75220
156,317 WESTCHASE DR,GRAND PRAIRIE,TX,75052
157,5520 S HAMPTON RD,DALLAS,TX,75232
158,424 S R L THORNTON FWY,DALLAS,TX,75203
159,2900 W WHEATLAND RD,DALLAS,TX,75237
160,4781 N BELT LINE RD,MESQUITE,TX,75150
161,6521 JEANE ST,DALLAS,TX,75217
162,6500 SKILLMAN ST,DALLAS,TX,75231
163,2642 MAIN ST STE 150,DALLAS,TX,75226
164,12175 GARLAND RD,DALLAS,TX,75218
165,3225 FOREST LN,GARLAND,TX,75042
166,2702 S BUCKNER BLVD STE 130,DALLAS,TX,75227
167,10560 NEW CHURCH RD,DALLAS,TX,75238
168,10880 FERGUSON RD,DALLAS,TX,75228
169,4215 BOTHAM JEAN BLVD,DALLAS,TX,75215
170,5450 W LOVERS LN STE 130,DALLAS,TX,75209
171,3347 W WALNUT ST # 268,GARLAND,TX,75042
172,2411 N GALLOWAY AVE STE 125,MESQUITE,TX,75150
173,2521 W AIRPORT FWY,IRVING,TX,75062
174,3404 S LANCASTER RD,DALLAS,TX,75216
175,2150 N JOSEY LN STE 324,CARROLLTON,TX,75006
176,11445 GARLAND RD,DALLAS,TX,75218
177,4515 ELECTRA ST,DALLAS,TX,75215
178,2534 ROYAL LN,DALLAS,TX,75229
179,505 AIRLINE DR,COPPELL,TX,75019
180,7272 GASTON AVE,DALLAS,TX,75214
181,13111 N CENTRAL EXPY,DALLAS,TX,75243
182,700 N PEARL ST STE H204,DALLAS,TX,75201
183,39 ARAPAHO VILLAGE,RICHARDSON,TX,75080
184,1906 S HASKELL AVE,DALLAS,TX,75223
185,10301 HARRY HINES BLVD,DALLAS,TX,75220
186,1613 SKYLINE DR,GARLAND,TX,75043
187,1017 FORT WORTH ST STE 600,GRAND PRAIRIE,TX,75050
188,4216 ABRAMS RD,DALLAS,TX,75214
189,1340 CENTERVILLE RD,DALLAS,TX,75218
190,9727 WEBB CHAPEL RD,DALLAS,TX,75220
191,1827 N GALLOWAY AVE,MESQUITE,TX,75149
192,10911 DENNIS RD STE 407,DALLAS,TX,75229
193,6419 SKILLMAN ST # T1784,DALLAS,TX,75231
194,2301 DOTY LN,BALCH SPRINGS,TX,75180
195,2240 IRVING BLVD,DALLAS,TX,75207
196,805 E BELTLINE RD,CEDAR HILL,TX,75104
197,2007 SATURN RD,GARLAND,TX,75041
198,10190 FOREST LN STE 175,DALLAS,TX,75243
199,2025 FORT WORTH AVE,DALLAS,TX,75208
200,9791 FOREST LN,DALLAS,TX,75243
201,1231 E PLEASANT RUN RD STE 114,DESOTO,TX,75115
202,3730 BELT LINE RD,ADDISON,TX,75001
203,14949 PRESTON RD,DALLAS,TX,75254
204,1450 W PLEASANT RUN RD STE 200,LANCASTER,TX,75146
205,2001 W NORTHWEST HWY STE 120,DALLAS,TX,75220
206,4205 PRESIDENT GEORGE BUSH HWY,SACHSE,TX,75048
207,3021 LOMBARDY LN # 104,DALLAS,TX,75220
208,3839 DIXON AVE,DALLAS,TX,75210
209,6464 E NORTHWEST HWY STE 326,DALLAS,TX,75214
210,611 S HAMPTON RD,DALLAS,TX,75208
211,2380 N FIELD ST,DALLAS,TX,75201
212,3230 E MAIN ST,GRAND PRAIRIE,TX,75050
213,7047 TWIN HILLS AVE STE 125,DALLAS,TX,75231
214,1213 MARKET PL,IRVING,TX,75063
215,3757 FOREST LN,DALLAS,TX,75244
216,1930 S BECKLEY AVE STE A,DALLAS,TX,75224
217,132 S CARROLL AVE,DALLAS,TX,75226
218,10455 N CENTRAL EXPY,DALLAS,TX,75231
219,1246 E CLARENDON DR,DALLAS,TX,75203
220,595 W PIONEER PKWY,GRAND PRAIRIE,TX,75051
221,1121 W PIONEER DR,IRVING,TX,75061
222,5100 LEMMON AVE,DALLAS,TX,75209
223,7640 MILITARY PKWY,DALLAS,TX,75227
224,1111 W AIRPORT FWY STE 121,IRVING,TX,75062
225,840 E BELT LINE RD,CEDAR HILL,TX,75104
226,2900 MILES RD,SACHSE,TX,75048
227,2650 S STATE HIGHWAY 161,GRAND PRAIRIE,TX,75052
228,1422 W KINGSLEY RD STE 100,GARLAND,TX,75041
229,1016 W TRINITY MILLS RD STE 208,CARROLLTON,TX,75006
230,7700 SAMUELL BLVD,DALLAS,TX,75227
231,5550 W LOVERS LN STE 168,DALLAS,TX,75209
232,1207 S MACARTHUR BLVD,IRVING,TX,75060
233,3343 COUNTRY CLUB DR W,IRVING,TX,75038
234,565 W OATES RD STE 115,GARLAND,TX,75043
235,1300 E BELT LINE RD,CARROLLTON,TX,75006
236,13100 JOSEY LN,FARMERS BRANCH,TX,75234
237,2824 N BUCKNER BLVD,DALLAS,TX,75228
238,4460 W WALNUT ST STE 108,GARLAND,TX,75042
239,8600 N MACARTHUR BLVD # 100102,IRVING,TX,75063
240,915 N TOWN EAST BLVD,MESQUITE,TX,75150
241,8008 CEDAR SPRINGS RD,DALLAS,TX,75235
242,12300 LAKE JUNE RD,BALCH SPRINGS,TX,75180
243,213 LANE ST,MESQUITE,TX,75149
244,6401 ABRAMS RD,DALLAS,TX,75231
245,2063 TOWN EAST MALL,MESQUITE,TX,75150
246,2600 S ZANG BLVD,DALLAS,TX,75224
247,8240 ABRAMS RD,DALLAS,TX,75231
248,975 E IRVING BLVD,IRVING,TX,75060
249,10938 ELAM RD,BALCH SPRINGS,TX,75180
250,10741 KING WILLIAM DR,DALLAS,TX,75220
251,9410 WALNUT ST,DALLAS,TX,75243
252,8060 SPRING VALLEY RD,DALLAS,TX,75240
253,11055 DENNIS RD STE 3,DALLAS,TX,75229
254,510 S CARRIER PKWY STE 141,GRAND PRAIRIE,TX,75051
255,1608 S 5TH ST,GARLAND,TX,75040
256,3117 S 1ST ST,GARLAND,TX,75041
257,1508 FALCON DR,DESOTO,TX,75115
258,108 W PARKERVILLE RD,DESOTO,TX,75115
259,3972 N CENTRAL EXPY,DALLAS,TX,75204
260,5050 CROZIER ST,DALLAS,TX,75215
261,9220 SKILLMAN ST STE 105,DALLAS,TX,75243
262,2425 W WALNUT ST STE 200,GARLAND,TX,75042
263,1017 FORT WORTH ST STE 550,GRAND PRAIRIE,TX,75050
264,125 SUMMER PLACE DR,COPPELL,TX,75019
265,4919 MCKINNEY AVE,DALLAS,TX,75205
266,402 E WHEATLAND RD,DUNCANVILLE,TX,75116
267,1308 E BEAR CREEK RD STE 130,GLENN HEIGHTS,TX,75154
268,9730 ABRAMS RD STE 114,DALLAS,TX,75243
269,901 MAIN ST STE C128,DALLAS,TX,75202
270,2419 W ILLINOIS AVE,DALLAS,TX,75233
271,6887 SHADYBROOK LN,DALLAS,TX,75231
272,10045 N MACARTHUR BLVD STE 109,IRVING,TX,75063
273,5011 MILITARY PKWY STE B,DALLAS,TX,75227
274,106 S FITZHUGH AVE,DALLAS,TX,75226
275,1145 W AIRPORT FWY,IRVING,TX,75062
276,1332 S PLANO RD,RICHARDSON,TX,75081
277,401 TOM LANDRY HWY,DALLAS,TX,75260
278,5712 SKILLMAN ST,DALLAS,TX,75206
279,2722 S JUPITER RD,GARLAND,TX,75041
280,633 W WHEATLAND RD,DUNCANVILLE,TX,75116
281,410 N INTERSTATE 45 SERVICE RD STE A,HUTCHINS,TX,75141
282,13307 MIDWAY RD,FARMERS BRANCH,TX,75244
283,10750 N STEMMONS FWY # 4,DALLAS,TX,75220
284,7700 SAMUELL BLVD,DALLAS,TX,75227
285,3009 N BELT LINE RD,IRVING,TX,75062
286,2932 N BUCKNER BLVD,DALLAS,TX,75228
287,777 W LYNDON B JOHNSON FWY,IRVING,TX,75063
288,3600 W DAVIS ST # 103,DALLAS,TX,75211
289,591 W PIONEER PKWY,GRAND PRAIRIE,TX,75051
290,8201 E R L THORNTON FWY,DALLAS,TX,75228
291,4070 N BELT LINE RD STE 114,IRVING,TX,75038
292,460 CEDAR SAGE DR,GARLAND,TX,75040
293,8687 N CENTRAL EXPY # C2-630,DALLAS,TX,75225
294,1050 S BELTLINE RD,DALLAS,TX,75253
295,39 ARAPAHO VILLAGE CTR,RICHARDSON,TX,75080
296,6440 N MACARTHUR BLVD,IRVING,TX,75039
297,105 SUNVIEW ST,SUNNYVALE,TX,75182
298,8020 S POLK ST,DALLAS,TX,75232
299,7007 LAKE JUNE RD,DALLAS,TX,75217
300,3109 MONTICELLO AVE,DALLAS,TX,75205
301,5520 LYONS RD,GARLAND,TX,75043
302,214 E PLEASANT RUN RD,DE SOTO,TX,75115
303,5530 COLUMBIA AVE,DALLAS,TX,75214
304,1135 E IRVING BLVD,IRVING,TX,75060
305,1050 N WESTMORELAND RD STE 110,DALLAS,TX,75211
306,8411 LAKE JUNE RD,DALLAS,TX,75217
307,7845 N MACARTHUR BLVD,IRVING,TX,75063
308,1422 ACTON AVE,DUNCANVILLE,TX,75137
309,501 N GALLOWAY AVE,MESQUITE,TX,75149
310,3317 N STORY RD,IRVING,TX,75062
311,3022 S SHILOH RD STE A,GARLAND,TX,75041
312,5601 W LOVERS LN STE 120,DALLAS,TX,75209
313,435 E DANIELDALE RD,DUNCANVILLE,TX,75137
314,8008 CEDAR SPRINGS RD,DALLAS,TX,75235
315,2524 S LANCASTER RD,DALLAS,TX,75216
316,1640 S COCKRELL HILL RD,GLENN HEIGHTS,TX,75154
317,101 W BUCKINGHAM RD,GARLAND,TX,75040
318,2004 E BELT LINE RD,CARROLLTON,TX,75006
319,3021 MARTIN LUTHER KING JR BLVD,DALLAS,TX,75215
320,4202 PIONEER RD,BALCH SPRINGS,TX,75180
321,1150 W KIEST BLVD STE 201,DALLAS,TX,75224
322,3160 SATURN RD STE 202,GARLAND,TX,75041
323,254 S RIVERFRONT BLVD,DALLAS,TX,75207
324,3725 S CARRIER PKWY STE 115,GRAND PRAIRIE,TX,75052
325,4142 LYNDON B JOHNSON FWY,DALLAS,TX,75244
326,940 E BELT LINE RD STE 122,RICHARDSON,TX,75081
327,3000 W PIONEER DR,IRVING,TX,75061
328,2302 W WALNUT HILL LN,IRVING,TX,75038
329,4070 N BELT LINE RD STE 113,IRVING,TX,75038
330,5828 ABRAMS RD,DALLAS,TX,75214
331,920 S BELT LINE RD STE 100,COPPELL,TX,75019
332,1810 W KINGSLEY RD STE 101,GARLAND,TX,75041
333,2951 S BUCKNER BLVD,DALLAS,TX,75227
334,700 N CLARK RD STE 108,DUNCANVILLE,TX,75116
335,2777 N STEMMONS FWY STE 108,DALLAS,TX,75207
336,350 N BLUEGROVE RD,LANCASTER,TX,75146
337,920 S BELT LINE RD STE 110,COPPELL,TX,75019
338,1433 W KINGSLEY RD STE 101,GARLAND,TX,75041
339,7834 LAKE JUNE RD,DALLAS,TX,75217
340,1820 W MOCKINGBIRD LN STE 150,DALLAS,TX,75235
341,220 N HIGHWAY 175,SEAGOVILLE,TX,75159
342,5803 FOXGLOVE LN,DALLAS,TX,75249
343,2200 ROSS AVE STE 200,DALLAS,TX,75201
344,619 W DAVIS ST,DALLAS,TX,75208
345,15203 KNOLL TRAIL DR STE 115,DALLAS,TX,75248
346,3322 N BUCKNER BLVD STE 120,DALLAS,TX,75228
347,3217 W DAVIS ST,DALLAS,TX,75211
348,3020 N HAMPTON RD,DALLAS,TX,75212
349,1551 CENTERVILLE RD,DALLAS,TX,75228
350,2537 VALLEY VIEW LN,FARMERS BRANCH,TX,75234
351,3249 DAWES DR,DALLAS,TX,75211
352,2106 N GALLOWAY AVE,MESQUITE,TX,75150
353,8702 SPRING VALLEY RD STE D,DALLAS,TX,75240
354,2535 NORTHEAST PKWY,GARLAND,TX,75040
355,3716 MAPLE AVE,DALLAS,TX,75219
356,2727 LIVE OAK ST,DALLAS,TX,75204
357,401 W ROCHELLE RD,IRVING,TX,75062
358,7034 MILITARY PKWY,DALLAS,TX,75227
359,3950 S CARRIER PKWY STE 170,GRAND PRAIRIE,TX,75052
360,4163 W NORTHGATE DR,IRVING,TX,75062
361,11661 PRESTON RD STE 224,DALLAS,TX,75230
362,1229 ADMIRAL NIMITZ CIRCLE EMBARCADERO B,DALLAS,TX,75210
363,24315 LYNDON B JOHNSON FWY # 635,MESQUITE,TX,75180
364,2225 W LEDBETTER DR,DALLAS,TX,75224
365,8122 FOREST LN STE A,DALLAS,TX,75243
366,10350 N CENTRAL EXPY,DALLAS,TX,75231
367,3733 PINEBROOK DR,DALLAS,TX,75241
368,2650 HICKORY TREE RD # 103,BALCH SPRINGS,TX,75180
369,910 E GRAUWYLER RD,IRVING,TX,75061
370,150 HACKBERRY RD,COPPELL,TX,75019
371,2417 N HASKELL AVE,DALLAS,TX,75204
372,3230 MARTIN LUTHER KING JR BLVD,DALLAS,TX,75210
373,4001 VILLANOVA ST,DALLAS,TX,75225
374,1026 S MAIN ST,DUNCANVILLE,TX,75137
375,2111 S CESAR CHAVEZ BLVD,DALLAS,TX,75215
376,4517 SATURN RD,GARLAND,TX,75041
377,2769 W CLARENDON DR,DALLAS,TX,75211
378,7107 S R L THORNTON FWY,DALLAS,TX,75232
379,10967 N STEMMONS FWY,DALLAS,TX,75220
380,104 S INTERSTATE HIGHWAY 45,WILMER,TX,75172
381,3367 CONFLANS RD STE 100,IRVING,TX,75061
382,2548 DICKERSON PARKWAY,CARROLLTON,TX,75006
383,2121 W ROCHELLE RD STE 103,IRVING,TX,75062
384,504 N O CONNOR RD,IRVING,TX,75061
385,1213 E TRINITY MILLS RD,CARROLLTON,TX,75006
386,3308 FORT WORTH AVE,DALLAS,TX,75211
387,6246 BROADWAY BLVD STE C,GARLAND,TX,75043
388,630 W PLEASANT RUN RD STE 148,LANCASTER,TX,75146
389,3330 N GALLOWAY AVE STE 150,MESQUITE,TX,75150
390,4616 NORTHWEST HWY,GARLAND,TX,75043
391,2940 S 1ST ST,GARLAND,TX,75041
392,2259 ANSON RD,DALLAS,TX,75235
393,3959 BROADWAY BLVD,GARLAND,TX,75043
394,7606 GREENVILLE AVE,DALLAS,TX,75231
395,1502 ELM ST,DALLAS,TX,75201
396,215 W CAMP WISDOM RD STE #12/15,DUNCANVILLE,TX,75116
397,8008 CEDAR SPRINGS RD,DALLAS,TX,75235
398,1201 MAIN ST STE P250,DALLAS,TX,75202
399,1608 S 5TH ST,GARLAND,TX,75040
400,2950 W COMMERCE ST,DALLAS,TX,75212
401,15757 COIT RD,DALLAS,TX,75248
402,3733 N TOWN EAST BLVD,MESQUITE,TX,75150
403,5609 ALPHA RD,DALLAS,TX,75240
404,10304 FOREST LN,DALLAS,TX,75243
405,2214 INWOOD RD,DALLAS,TX,75235
406,4029 W JEFFERSON BLVD,COCKRELL HILL,TX,75211
407,750 S SHERMAN ST,RICHARDSON,TX,75081
408,4919 MCKINNEY AVE,DALLAS,TX,75205
409,7730 FERGUSON RD,DALLAS,TX,75228
410,11918 SEAGOVILLE RD,BALCH SPRINGS,TX,75180
411,800 S COCKRELL HILL RD,DUNCANVILLE,TX,75137
412,2500 LAWRENCE ST,DALLAS,TX,75215
413,3223 N WESTMORELAND RD STE 3652,DALLAS,TX,75212
414,3917 W CAMP WISDOM RD STE 110,DALLAS,TX,75237
415,4525 COLE AVE STE 100,DALLAS,TX,75205
416,1909 S CESAR CHAVEZ BLVD,DALLAS,TX,75215
417,3002 E MAIN ST,GRAND PRAIRIE,TX,75050
418,7117 INWOOD RD,DALLAS,TX,75209
419,12004 ELAM RD,BALCH SPRINGS,TX,75180
420,8405 PARK LN,DALLAS,TX,75231
421,700 N DENTON TAP ROAD,COPPELL,TX,75019
422,7700 W NORTHWEST HWY,DALLAS,TX,75225
423,13548 PRESTON RD,DALLAS,TX,75240
424,13350 DALLAS PKWY,DALLAS,TX,75240
425,1307 1/2 W DAVIS ST,DALLAS,TX,75208
426,522 PRESTON ROYAL SHOPPING CTR,DALLAS,TX,75230
427,925 W JOHN CARPENTER FWY STE 104,IRVING,TX,75039
428,735 N WESTMORELAND RD,DALLAS,TX,75211
429,5328 LEMMON AVE,DALLAS,TX,75209
430,5555 S BUCKNER BLVD,DALLAS,TX,75228
431,10121 LAKE JUNE RD STE 200,DALLAS,TX,75217
432,2938 ANODE LN,DALLAS,TX,75220
433,716 GROSS RD,MESQUITE,TX,75149
434,611 W JEFFERSON BLVD,DALLAS,TX,75208
435,7011 MILITARY PKWY STE A,DALLAS,TX,75227
436,9007 GARLAND RD,DALLAS,TX,75218
437,2315 W LEDBETTER DR,DALLAS,TX,75224
438,1340 ELISE,CEDAR HILL,TX,75104
439,150 HACKBERRY RD,COPPELL,TX,75019
440,2620 N JOSEY LN,CARROLLTON,TX,75007
441,10850 HARRY HINES BLVD STE 170,DALLAS,TX,75220
442,333 S SAINT AUGUSTINE DR STE 129,DALLAS,TX,75217
443,1417 N DUNCANVILLE RD,DUNCANVILLE,TX,75116
444,2617 FREEWOOD DR,DALLAS,TX,75220
445,901 SW 3RD ST,GRAND PRAIRIE,TX,75051
446,103 W OHIO AVE,DALLAS,TX,75224
447,13612 MIDWAY RD # 333-1,FARMERS BRANCH,TX,75244
448,3106 DAWES DR,DALLAS,TX,75211
449,8140 N MACARTHUR BLVD STE 110,IRVING,TX,75063
450,2140 W GRAUWYLER RD,IRVING,TX,75061
451,2315 LAKELAND DR,DALLAS,TX,75228
452,12835 PRESTON RD,DALLAS,TX,75230
453,1815 W TARRANT RD STE 215,GRAND PRAIRIE,TX,75050
454,750 N DENTON TAP RD,COPPELL,TX,75019
455,12925 ELAM RD STE 101,BALCH SPRINGS,TX,75180
456,13340 AUDELIA RD STE 136,DALLAS,TX,75243
457,3030 S LANCASTER RD,DALLAS,TX,75216
458,3400 SAMUELL BLVD STE A,DALLAS,TX,75223
459,1906 S DENLEY DR,DALLAS,TX,75216
460,4203 DALTON DR,DALLAS,TX,75216
461,8701 LIBERTY GROVE RD STE 800,ROWLETT,TX,75089
462,2242 WALNUT GROVE LN,GARLAND,TX,75044
463,3520 W KINGSLEY RD,GARLAND,TX,75041
464,5321 THE STATION BLVD STE B150,SACHSE,TX,75048
465,1016 W TRINITY MILLS RD STE 128,CARROLLTON,TX,75006
466,2835 N HENDERSON AVE,DALLAS,TX,75206
467,739 N HIGHWAY 67,CEDAR HILL,TX,75104
468,9461 WEBB CHAPEL RD,DALLAS,TX,75220
469,105 E SANER AVE,DALLAS,TX,75216
470,11617 N CENTRAL EXPY STE 135,DALLAS,TX,75243
471,5750 E LOVERS LN STE A,DALLAS,TX,75206
472,2620 N JOSEY LN,CARROLLTON,TX,75007
473,1422 W KINGSLEY RD STE 100,GARLAND,TX,75041
474,4946 MILITARY PKWY,DALLAS,TX,75227
475,1010 E 8TH ST # 150,DALLAS,TX,75203
476,9440 MARSH LN,DALLAS,TX,75220
477,8282 SPRING VALLEY RD,DALLAS,TX,75240
478,315 S HAMPTON RD,DALLAS,TX,75208
479,9009 BRUTON RD,DALLAS,TX,75217
480,10222 N STEMMONS FWY,DALLAS,TX,75220
481,4218 W LOVERS LN,DALLAS,TX,75209
482,677 W CAMPBELL RD STE 100,RICHARDSON,TX,75080
483,3733 N TOWN EAST BLVD,MESQUITE,TX,75150
484,16210 MIDWAY RD,ADDISON,TX,75001
485,3505 N BELT LINE RD,IRVING,TX,75062
486,836 OVER RIDGE DR,GRAND PRAIRIE,TX,75052
487,1821 S SAINT AUGUSTINE DR,DALLAS,TX,75217
488,2420 N FITZHUGH AVE,DALLAS,TX,75204
489,8707 E R L THORNTON FWY,DALLAS,TX,75228
490,3500 LAKEVIEW PKWY STE 100,ROWLETT,TX,75088
491,2809 MOTLEY DR,MESQUITE,TX,75150
492,12835 PRESTON RD STE 302,DALLAS,TX,75230
493,8351 CLARK RD STE 103 104,DALLAS,TX,75236
494,120 S DENTON TAP RD,COPPELL,TX,75019
495,11709 SEAGOVILLE RD,BALCH SPRINGS,TX,75180
496,14851 INWOOD RD,ADDISON,TX,75001
497,1800 N GALLOWAY AVE STE 200,MESQUITE,TX,75149
498,501 S ROSEMONT AVE,DALLAS,TX,75208
499,3202 SAMUELL BLVD,DALLAS,TX,75223
500,1005 S ZANG BLVD,DALLAS,TX,75208
501,8698 SKILLMAN ST,DALLAS,TX,75243
502,10909 WEBB CHAPEL RD STE 131,DALLAS,TX,75229
503,6185 RETAIL RD STE 200,DALLAS,TX,75231
504,1005 S RIVERFRONT BLVD,DALLAS,TX,75207
505,1909 SKILLMAN ST,DALLAS,TX,75206
506,3621 N BELT LINE RD,IRVING,TX,75062
507,7517 MILITARY PKWY,DALLAS,TX,75227
508,6402 E MOCKINGBIRD LN STE B,DALLAS,TX,75214
509,10325 LAKE JUNE RD STE 550,DALLAS,TX,75217
510,2917 LOMBARDY LN,DALLAS,TX,75220
511,5727 CARUTH HAVEN LN APT 114,DALLAS,TX,75206
512,215 S CENTER ST,GRAND PRAIRIE,TX,75051
513,8702 SPRING VALLEY RD,DALLAS,TX,75240
514,2200 W SHADY GROVE RD,IRVING,TX,75060
515,3635 GUS THOMASSON RD STE A,MESQUITE,TX,75150
516,2901 N AIRFIELD DR,DALLAS,TX,75261
517,2215 OATES DR,DALLAS,TX,75228
518,3115 BUNKER HILL RD STE 107,SACHSE,TX,75048
519,3939 S POLK ST STE 323,DALLAS,TX,75224
520,1710 W IRVING BLVD,IRVING,TX,75061
521,9810 WALNUT HILL LN,DALLAS,TX,75238
522,2114 W KINGSLEY RD,GARLAND,TX,75041
523,2750 E TRINITY MILLS RD,CARROLLTON,TX,75006
524,2535 NORTHEAST PARKWAY,GARLAND,TX,75040
525,3535 N BELT LINE RD,IRVING,TX,75062
526,251 E GRAUWYLER RD,IRVING,TX,75061
527,5614 E R L THORNTON FWY,DALLAS,TX,75223
528,625 W WHEATLAND RD,DUNCANVILLE,TX,75116
529,5374 S 2ND AVE,DALLAS,TX,75210
530,1501 PIONEER RD,MESQUITE,TX,75149
531,11920 PRESTON RD,DALLAS,TX,75230
532,7015 HOLLY HILL DR,DALLAS,TX,75231
533,4361 N BELT LINE RD,MESQUITE,TX,75150
534,1294 E LEDBETTER DR,DALLAS,TX,75216
535,39739 LYNDON B JOHNSON FWY,DALLAS,TX,75237
536,7331 GASTON AVE,DALLAS,TX,75214
537,5809 E LOVERS LN,DALLAS,TX,75206
538,4115 SKILLMAN ST,DALLAS,TX,75206
539,1229 ADMIRAL NIMITZ CIR,DALLAS,TX,75210
540,7015 TWIN HILLS AVE,DALLAS,TX,75231
541,4101 HERALD DR,GARLAND,TX,75044
542,820 E BELT LINE RD,CEDAR HILL,TX,75104
543,2819 S GARLAND AVE,GARLAND,TX,75041
544,3620 W WALNUT ST,GARLAND,TX,75042
545,4202 S WESTMORELAND RD,DALLAS,TX,75233
546,1855 S GARLAND AVE,GARLAND,TX,75040
547,3318 E JEFFERSON ST,GRAND PRAIRIE,TX,75051
548,5002 S 2ND AVE,DALLAS,TX,75210
549,6440 E MOCKINGBIRD LN,DALLAS,TX,75214
550,4334 SATURN RD,GARLAND,TX,75041
551,13739 N CENTRAL EXPY,DALLAS,TX,75243
552,180 W SANDY LAKE RD,COPPELL,TX,75019
553,7828 LAKE JUNE RD,DALLAS,TX,75217
554,1423B N BELT LINE RD,IRVING,TX,75061
555,10290 FERGUSON RD,DALLAS,TX,75228
556,4361 N BELT LINE RD STE 1000,MESQUITE,TX,75150
557,5225 BELT LINE RD STE 208,DALLAS,TX,75254
558,8055 CHURCHILL WAY,DALLAS,TX,75251
559,1827 S HASKELL AVE,DALLAS,TX,75223
560,3034 E ILLINOIS AVE,DALLAS,TX,75216
561,4340 GUS THOMASSON RD STE D,MESQUITE,TX,75150
562,3701 ESTERS RD STE 109,IRVING,TX,75038
563,3308 W KIEST BLVD,DALLAS,TX,75233
564,1139 MONTERREY TRL,MESQUITE,TX,75149
565,3502 S LANCASTER RD,DALLAS,TX,75216
566,1303 N DALLAS AVE,LANCASTER,TX,75134
567,1402 N CARROLL AVE,DALLAS,TX,75204
568,12933 ELAM RD,BALCH SPRINGS,TX,75180
569,2907 IRVING BLVD,DALLAS,TX,75247
570,4550 W BUCKINGHAM RD,GARLAND,TX,75042
571,9751 WALNUT ST STE 102,DALLAS,TX,75243
572,6401 RIVERSIDE DR,IRVING,TX,75039
573,6451 RIVERSIDE DR,IRVING,TX,75039
574,9353 GARLAND RD,DALLAS,TX,75218
575,4735 S LANCASTER RD,DALLAS,TX,75216
576,5433 BOTHAM JEAN BLVD,DALLAS,TX,75215
577,4104 GASTON AVE,DALLAS,TX,75246
578,2543 N FITZHUGH AVE,DALLAS,TX,75204
579,9632 OVERLAKE DR,DALLAS,TX,75220
580,3035 N BUCKNER BLVD,DALLAS,TX,75228
581,3612 N BELT LINE RD,IRVING,TX,75062
582,4938 MILITARY PKWY,DALLAS,TX,75227
583,3035 BROADWAY BLVD STE D,GARLAND,TX,75041
584,102 W PLEASANT RUN RD,DESOTO,TX,75115
585,1331 E AIRPORT FWY,IRVING,TX,75062
586,2203 GREENVILLE AVE,DALLAS,TX,75206
587,3600 GUS THOMASSON,MESQUITE,TX,75150
588,105 HALL RD STE 129B,SEAGOVILLE,TX,75159
589,2302 S 2ND AVE,DALLAS,TX,75210
590,212 MEDALLION SHP CTR,DALLAS,TX,75214
591,9353 GARLAND RD,DALLAS,TX,75218
592,10325 LAKE JUNE RD,DALLAS,TX,75217
593,2404 VICTORY PARK LN,DALLAS,TX,75219
594,825 S CARROLL AVE,DALLAS,TX,75223
595,4639 SINGLETON BLVD,DALLAS,TX,75212
596,13350 DALLAS PKWY # 3285,DALLAS,TX,75240
597,4823 BRYAN ST,DALLAS,TX,75204
598,460 CONEFLOWER DR,GARLAND,TX,75040
599,3333 W AIRPORT FWY,IRVING,TX,75062
600,2839 S ERVAY ST,DALLAS,TX,75215
601,4850 SAMUELL BLVD,MESQUITE,TX,75149
602,1437 S MARLBOROUGH AVE,DALLAS,TX,75208
603,1614 S 5TH ST,GARLAND,TX,75040
604,8701 LAKEVIEW PKWY,ROWLETT,TX,75088
605,11925 ELAM RD,BALCH SPRINGS,TX,75180
606,1815 S 1ST ST STE E,GARLAND,TX,75040
607,1629 N TOWN EAST BLVD,MESQUITE,TX,75150
608,1818 METROPOLITAN AVE,DALLAS,TX,75215
609,950 E SANDY LAKE RD,COPPELL,TX,75019
610,5936 MILITARY PKWY,DALLAS,TX,75227
611,3600 W JEFFERSON BLVD,DALLAS,TX,75211
612,1546 ROWLETT RD STE 103,GARLAND,TX,75043
613,3000 PIONEER RD STE 1,BALCH SPRINGS,TX,75181
614,1930 N COIT RD STE 151,RICHARDSON,TX,75080
615,818 S CENTRAL EXPY STE 21,RICHARDSON,TX,75080
616,2201 W GRAUWYLER RD,IRVING,TX,75061
617,1770 W IRVING BLVD STE 11,IRVING,TX,75061
618,3115 BUNKER HILL RD STE 103,SACHSE,TX,75048
619,440 S HAMPTON RD,DE SOTO,TX,75115
620,3701 NW HWY #203,DALLAS,TX,75220
621,7729 GARLAND RD,DALLAS,TX,75218
622,160 N COIT RD,RICHARDSON,TX,75080
623,751 FREEPORT PKWY,COPPELL,TX,75019
624,10455 N CENTRAL EXPY STE 119,DALLAS,TX,75231
625,1506 W MILLER RD,GARLAND,TX,75041
626,6850 N SHILOH RD,GARLAND,TX,75044
627,2376 LAVON DR STE 110,GARLAND,TX,75040
628,2860 WALNUT HILL LN STE 106,DALLAS,TX,75229
629,400 N GREENVILLE AVE STE 1,RICHARDSON,TX,75081
630,5111 KIAMESHA WAY,MESQUITE,TX,75150
631,2217 IVAN ST,DALLAS,TX,75201
632,1023 E PIONEER DR APT 119,IRVING,TX,75061
633,1800 N GALLOWAY AVE STE 200,MESQUITE,TX,75149
634,4010 N MACARTHUR BLVD # 100,IRVING,TX,75038
635,2810 SAMUELL BLVD STE A,DALLAS,TX,75223
636,1102 E PIONEER DR STE H,IRVING,TX,75061
637,536 CENTENNIAL BLVD,RICHARDSON,TX,75081
638,2963 BELLE STARR DR,DALLAS,TX,75227
639,2927 LOMBARDY LN,DALLAS,TX,75220
640,14825 INWOOD RD,ADDISON,TX,75001
641,4100 W AIRPORT FWY,IRVING,TX,75062
642,4436 LEMMON AVE,DALLAS,TX,75219
643,1551 S BECKLEY RD STE A,GLENN HEIGHTS,TX,75154
644,3626 W NORTHGATE DR,IRVING,TX,75062
645,9024 LAKE JUNE RD STE A,DALLAS,TX,75217
646,6038 ORAM ST,DALLAS,TX,75206
647,1322 N HAMPTON RD,DALLAS,TX,75208
648,2316 TIMBERLAKE DR,IRVING,TX,75062
649,2543 S BUCKNER BLVD STE A,DALLAS,TX,75227
650,2808 S MARSALIS AVE,DALLAS,TX,75216
651,333 S CEDAR RIDGE DR,DUNCANVILLE,TX,75116
652,609 DAIRY RD STE 100,GARLAND,TX,75040
653,4275 W NORTHWEST HWY,DALLAS,TX,75220
654,2237 JOE FIELD RD STE 101,DALLAS,TX,75229
655,14856 PRESTON RD STE 200,DALLAS,TX,75254
656,12800 JUPITER RD APT 322,DALLAS,TX,75238
657,332 W COMMERCE ST,DALLAS,TX,75208
658,2347 OATES DR,DALLAS,TX,75228
659,1907 S CESAR CHAVEZ BLVD,DALLAS,TX,75215
660,1706 N HIGHWAY 175,SEAGOVILLE,TX,75159
661,3807 E KIEST BLVD,DALLAS,TX,75203
662,430 N COIT RD,RICHARDSON,TX,75080
663,410 N O CONNOR RD,IRVING,TX,75061
664,4921 GUS THOMASSON RD,MESQUITE,TX,75150
665,8034 CHRYSALIS DR,DALLAS,TX,75237
666,5123 W LOVERS LN,DALLAS,TX,75209
667,106 HALL RD,SEAGOVILLE,TX,75159
668,950 S CARRIER PKWY,GRAND PRAIRIE,TX,75051
669,6038 ORAM ST,DALLAS,TX,75206
670,1380 W CAMPBELL RD,RICHARDSON,TX,75080
671,1007 W PLEASANT RUN RD,LANCASTER,TX,75146
672,727 E ANN ARBOR AVE,DALLAS,TX,75216
673,5050 LAKEVIEW PKWY,ROWLETT,TX,75088
674,1933 NORTHWEST HWY STE A,GARLAND,TX,75041
675,310 N BARNES DR STE A,GARLAND,TX,75042
676,6025 ROYAL LN STE 105,DALLAS,TX,75230
677,17194 PRESTON RD,DALLAS,TX,75248
678,3803 S POLK ST,DALLAS,TX,75224
679,9751 WALNUT ST STE 112,DALLAS,TX,75243
680,8550 PLANO RD STE 102,DALLAS,TX,75238
681,515 S MACARTHUR BLVD,IRVING,TX,75060
682,2800 GLENWICK LN STE 100,IRVING,TX,75060
683,119 W KINGSLEY RD STE 121,GARLAND,TX,75041
684,520 W 6TH ST,IRVING,TX,75060
685,3219 FOREST LN,GARLAND,TX,75042
686,1227 MORRELL AVE,DALLAS,TX,75203
687,701 E CARTWRIGHT RD STE 123,MESQUITE,TX,75149
688,1415 N DALLAS AVE,LANCASTER,TX,75134
689,7939 WALNUT HILL LN,DALLAS,TX,75230
690,300 TERRACE DR STE 310A,RICHARDSON,TX,75081
691,4123 W CLARENDON DR,DALLAS,TX,75211
692,5427 N MACARTHUR BLVD,IRVING,TX,75038
693,4112 N JOSEY LANE,CARROLLTON,TX,75007
694,7505 N MACARTHUR BLVD,IRVING,TX,75063
695,12405 JUPITER RD,DALLAS,TX,75218
696,2240 ROYAL LN STE 303,DALLAS,TX,75229
697,3939 FRANKFORD RD,DALLAS,TX,75287
698,2015 N MASTERS DR STE 260,DALLAS,TX,75217
699,1030 N HIGHWAY 67 STE A,CEDAR HILL,TX,75104
700,3250 W PLEASANT RUN RD STE 230,LANCASTER,TX,75146
701,15050 PRESTON RD,DALLAS,TX,75254
702,8361 PARK LN STE 100,DALLAS,TX,75231
703,1007 W CAMP WISDOM RD,DALLAS,TX,75232
704,3434 WEBB CHAPEL EXT,DALLAS,TX,75220
705,14821 INWOOD RD,ADDISON,TX,75001
706,126 E CENTERVILLE RD,GARLAND,TX,75041
707,3733 N TOWN EAST BLVD STE 100,MESQUITE,TX,75150
708,3757 FOREST LN,DALLAS,TX,75244
709,1031 E PLEASANT RUN RD,DESOTO,TX,75115
710,5120 HIGHWAY 78 STE 500,SACHSE,TX,75048
711,1001 N INTERSTATE 35 E STE 500,DESOTO,TX,75115
712,3011 GULDEN LN STE 119,DALLAS,TX,75212
713,2211 COYOTE TRL,GRAND PRAIRIE,TX,75052
714,2330 ROYAL LN STE 700,DALLAS,TX,75229
715,5338 LINDSLEY AVE,DALLAS,TX,75223
716,4120 GASTON AVE,DALLAS,TX,75246
717,1821 W TARRANT RD,GRAND PRAIRIE,TX,75050
718,1456 BELT LINE RD STE 127,GARLAND,TX,75044
719,2015 CORINTH ST,DALLAS,TX,75215
720,1240 W BELT LINE RD STE D,DESOTO,TX,75115
721,2001 GREENVILLE AVE,DALLAS,TX,75206
722,3526 W WALNUT ST,GARLAND,TX,75042
723,1919 FAITHON LUCAS,MESQUITE,TX,75181
724,6333 E MOCKINGBIRD LN STE 301,DALLAS,TX,75214
725,532 W I-30,GARLAND,TX,75043
726,200 US HIGHWAY 80 E,MESQUITE,TX,75149
727,9500 WEBB CHAPEL RD,DALLAS,TX,75220
728,317 E PIONEER PKWY,GRAND PRAIRIE,TX,75051
729,4151 N CENTRAL EXPY,DALLAS,TX,75204
730,12789 MIDWAY RD,DALLAS,TX,75244
731,9606 C F HAWN FWY,DALLAS,TX,75217
732,1116 ASHFORD DR,DESOTO,TX,75115
733,2938 STOREY LN,DALLAS,TX,75220
734,200 W CAMP WISDOM RD,DUNCANVILLE,TX,75116
735,2460 LACY LN STE 110,CARROLLTON,TX,75006
736,3540 SIMPSON STUART RD,DALLAS,TX,75241
737,9256 MARKVILLE DR,DALLAS,TX,75243
738,5006 PETERSBURG DR,ROWLETT,TX,75088
739,9811 WALNUT HILL LN,DALLAS,TX,75238
740,7401 SAMUELL BLVD,DALLAS,TX,75228
741,3107 S COCKRELL HILL RD,DALLAS,TX,75236
742,4141 OFFICE PKWY,DALLAS,TX,75204
743,2517 S BECKLEY AVE,DALLAS,TX,75224
744,1050 N WESTMORELAND RD STE 312,DALLAS,TX,75211
745,3426 GREENVILLE AVE,DALLAS,TX,75206
746,525 N GALLOWAY AVE,MESQUITE,TX,75149
747,4600 MALCOLM X BLVD,DALLAS,TX,75215
748,6750 MURPHY RD,SACHSE,TX,75048
749,4410 W LOVERS LN,DALLAS,TX,75209
750,2145 CHENAULT DR STE 110,CARROLLTON,TX,75006
751,10677 E NORTHWEST HWY STE 300,DALLAS,TX,75238
752,7205 FERGUSON RD,DALLAS,TX,75228
753,1432 W BUCKINGHAM RD,GARLAND,TX,75042
754,9225 GARLAND RD STE 2120,DALLAS,TX,75218
755,6204 BEXAR ST,DALLAS,TX,75215
756,4411 W KIEST BLVD,DALLAS,TX,75236
757,828 S GALLOWAY AVE,MESQUITE,TX,75149
758,3937 S COCKRELL HILL RD,DALLAS,TX,75236
759,1323 W CLARENDON DR,DALLAS,TX,75208
760,1501 N PLANO RD STE 200,RICHARDSON,TX,75081
761,2500 S INTERSTATE 45 SERVICE RD,HUTCHINS,TX,75141
762,2830 S HIGHWAY 161,GRAND PRAIRIE,TX,75052
763,714 N GALLOWAY AVE,MESQUITE,TX,75149
764,374 E FM 1382,CEDAR HILL,TX,75104
765,3772 BELT LINE RD,ADDISON,TX,75001
766,4901 BRYAN ST,DALLAS,TX,75206
767,4328 S MARSALIS AVE,DALLAS,TX,75216
768,7995 LYNDON B JOHNSON FWY STE 110,DALLAS,TX,75251
769,1610 S WESTMORELAND RD,DALLAS,TX,75211
770,14054 N STEMMONS FWY,FARMERS BRANCH,TX,75234
771,1600 S INTERSTATE 35E,CARROLLTON,TX,75006
772,1205 W TRINITY MILLS RD STE 112,CARROLLTON,TX,75006
773,2851 DAIRY RD STE B,GARLAND,TX,75041
774,4941 BELT LINE RD,DALLAS,TX,75254
775,3770 BELT LINE RD,ADDISON,TX,75001
776,7510 E GRAND AVE APT 3214,DALLAS,TX,75214
777,2817 N HIGHWAY 175,SEAGOVILLE,TX,75159
778,3105 LOMITA DR STE 107B,LANCASTER,TX,75146
779,13050 BEE ST STE 100,FARMERS BRANCH,TX,75234
780,800 W JEFFERSON BLVD,DALLAS,TX,75208
781,6575 E NORTHWEST HWY,DALLAS,TX,75231
782,4855 N CENTRAL EXPY,DALLAS,TX,75205
783,200 SHORT BLVD,DALLAS,TX,75232
784,14500 JOSEY LN STE 105,FARMERS BRANCH,TX,75234
785,225 GOLD ST,GARLAND,TX,75042
786,5665 E MOCKINGBIRD LN,DALLAS,TX,75206
787,338 AVENUE G,DALLAS,TX,75203
788,510 N PLANO RD,GARLAND,TX,75042
789,752 WYNNEWOOD VILLAGE SC,DALLAS,TX,75224
790,2402 N FITZHUGH AVE,DALLAS,TX,75204
791,2802 ROYAL LN STE 101,DALLAS,TX,75229
792,210 E PLEASANT RUN RD,DESOTO,TX,75115
793,3005 APOLLO RD,GARLAND,TX,75044
794,4112 N JOSEY,CARROLLTON,TX,75007
795,2202 HEADS LN STE 100,CARROLLTON,TX,75006
796,1012 RIDGEVIEW ST STE 107,MESQUITE,TX,75149
797,7002 WAX BERRY DR,DALLAS,TX,75249
798,211 W GRUBB DR,MESQUITE,TX,75149
799,14999 PRESTON RD,DALLAS,TX,75240
800,901 RODEO CENTER BLVD,MESQUITE,TX,75149
801,6501 DALROCK RD STE 104,ROWLETT,TX,75089
802,1016 MURDOCK RD,DALLAS,TX,75217
803,1919 W SCYENE RD,MESQUITE,TX,75149
804,13015 COIT RD STE C,DALLAS,TX,75240
805,10370 OLYMPIC DR STE A,DALLAS,TX,75220
806,2425 SOUTHWELL RD,DALLAS,TX,75229
807,2660 N BELT LINE RD,IRVING,TX,75062
808,10720 PRESTON RD STE 1018,DALLAS,TX,75230
809,6434 E MOCKINGBIRD LN STE 109,DALLAS,TX,75214
810,2114 W KINGSLEY RD,GARLAND,TX,75041
811,3805 W WALNUT ST,GARLAND,TX,75042
812,2309 GUS THOMASSON RD,DALLAS,TX,75228
813,910 S HAMPTON RD STE D,DALLAS,TX,75208
814,14211 COIT RD,DALLAS,TX,75254
815,4001 VILLANOVA ST,DALLAS,TX,75225
816,7700 W NORTHWEST HWY STE 100,DALLAS,TX,75225
817,919 LUCILLE ST,IRVING,TX,75060
818,9140 FOREST LN,DALLAS,TX,75243
819,4142 CEDAR SPRINGS RD,DALLAS,TX,75219
820,723 S BEACON ST,DALLAS,TX,75223
821,2410 DUNCANVILLE RD STE 110,DALLAS,TX,75211
822,2520 W IRVING BLVD STE 120,IRVING,TX,75061
823,300 E JEFFERSON,DALLAS,TX,75203
824,2220 N TOWN EAST BLVD,MESQUITE,TX,75150
825,311 E CAMP WISDOM RD,DUNCANVILLE,TX,75116
826,4241 CAPITOL AVE,DALLAS,TX,75204
827,5190 HIGHWAY 78,SACHSE,TX,75048
828,2218 S JUPITER RD STE 106,GARLAND,TX,75041
829,3000 BLACKBURN ST STE 160,DALLAS,TX,75204
830,10332 FERGUSON RD,DALLAS,TX,75228
831,4150 KELLWAY CIR,ADDISON,TX,75001
832,7075 W WHEATLAND RD,DALLAS,TX,75249
833,210 SW 2ND ST STE 250,GRAND PRAIRIE,TX,75051
834,235 E FM 1382,CEDAR HILL,TX,75104
835,313 W PIONEER PKWY,GRAND PRAIRIE,TX,75051
836,4726 CORNELL DR,GARLAND,TX,75042
837,17227 MARIANNE CIR,DALLAS,TX,75252
838,1406 W WALNUT ST,GARLAND,TX,75042
839,5909 S HAMPTON RD,DALLAS,TX,75232
840,7501 LAKE RIDGE PKWY,GRAND PRAIRIE,TX,75054
841,1420 W 6TH ST,IRVING,TX,75060
842,203 W CAMP WISDOM RD,DUNCANVILLE,TX,75116
843,4323 W ILLINOIS AVE STE 104,DALLAS,TX,75211
844,12400 COIT RD STE 130,DALLAS,TX,75251
845,7777 FOREST LN # C-A92,DALLAS,TX,75230
846,2505 FARRINGTON ST,DALLAS,TX,75207
847,4901 MAPLE AVE,DALLAS,TX,75235
848,9761 WALNUT ST,DALLAS,TX,75243
849,3500 N BELT LINE RD STE 110,IRVING,TX,75062
850,828 S CARRIER PKWY STE 101,GRAND PRAIRIE,TX,75051
851,9334 CLEARHURST DR,DALLAS,TX,75238
852,5627 W LOVERS LN,DALLAS,TX,75209
853,2445 GOLDFINCH LN,GARLAND,TX,75042
854,2605 LYNDON B JOHNSON FWY,DALLAS,TX,75234
855,702 E WARRIOR TRL,GRAND PRAIRIE,TX,75052
856,3320 SAMUELL BLVD,DALLAS,TX,75223
857,9910 MONROE DR STE A8,DALLAS,TX,75220
858,1917 FOX MEADOW TRL,GRAND PRAIRIE,TX,75052
859,4444 W JEFFERSON BLVD STE 622,DALLAS,TX,75211
860,1713 S BELT LINE RD,GRAND PRAIRIE,TX,75051
861,950 E MALLOY BRG,SEAGOVILLE,TX,75159
862,1201 MAIN ST STE P290,DALLAS,TX,75202
863,4343 W CAMP WISDOM RD STE 124,DALLAS,TX,75237
864,424 E PIONEER PKWY,GRAND PRAIRIE,TX,75051
865,2300 ROWLETT RD STE 120,ROWLETT,TX,75088
866,925 NORTHWEST HWY,GARLAND,TX,75041
867,607 TENISON MEMORIAL DR,DALLAS,TX,75223
868,4062 LYNDON B JOHNSON FWY,DALLAS,TX,75244
869,3901 W JEFFERSON BLVD,COCKRELL HILL,TX,75211
870,1718 DALWORTH ST STE A,GRAND PRAIRIE,TX,75050
871,3629 HOLMES ST,DALLAS,TX,75215
872,303 E CAMP WISDOM RD,DUNCANVILLE,TX,75116
873,2550 W RED BIRD LN STE 500,DALLAS,TX,75237
874,4215 S CARRIER PKWY,GRAND PRAIRIE,TX,75052
875,5139 VETERANS DR,DALLAS,TX,75241
876,4911 S CENTRAL EXPY,DALLAS,TX,75215
877,2400 W LEDBETTER DR,DALLAS,TX,75233
878,2036 PINENUT DR,MESQUITE,TX,75181
879,1401 E GRAUWYLER RD,IRVING,TX,75061
880,11403 LAKE JUNE RD,BALCH SPRINGS,TX,75180
881,112 S CARROLL AVE,DALLAS,TX,75226
882,1800 MAIN ST STE 124,DALLAS,TX,75201
883,118 GLENFIELD DR,GARLAND,TX,75040
884,1914 E BELT LINE RD STE 104,CARROLLTON,TX,75006
885,104 W SHADY GROVE RD,GRAND PRAIRIE,TX,75050
886,14280 MARSH LN,ADDISON,TX,75001
887,2402 GUS THOMASSON RD,DALLAS,TX,75228
888,1203 E RED BIRD LN,DALLAS,TX,75241
889,2580 WALNUT HILL LN,DALLAS,TX,75229
890,9658 PLANO RD STE 100,DALLAS,TX,75238
891,323 N STORY RD,IRVING,TX,75061
892,3009 N BELT LINE RD,IRVING,TX,75062
893,6012 ABRAMS RD STE 100,DALLAS,TX,75231
894,420 N COIT RD STE 2023,RICHARDSON,TX,75080
895,7601 N MACARTHUR BLVD,IRVING,TX,75063
896,8032 BRUTON RD,DALLAS,TX,75227
897,3705 N BELT LINE RD STE 1010,SUNNYVALE,TX,75182
898,2418 S JUPITER RD,GARLAND,TX,75041
899,6760 SHADYBROOK LN,DALLAS,TX,75231
900,2440 W ILLINOIS AVE,DALLAS,TX,75233
901,2431 W WALNUT ST STE 100,GARLAND,TX,75042
902,3845 N GARLAND AVE STE 100,GARLAND,TX,75040
903,11632 LANEWOOD CIR,DALLAS,TX,75218
904,1144 N PLANO RD STE 107,RICHARDSON,TX,75081
905,11200 HARRY HINES BLVD,DALLAS,TX,75229
906,208 W 8TH ST,DALLAS,TX,75208
907,970 N COIT RD STE 3025,RICHARDSON,TX,75080
908,3314 ROSS AVE STE 100,DALLAS,TX,75204
909,1601 BRYAN ST STE 100,DALLAS,TX,75201
910,3200 S LANCASTER RD STE 528,DALLAS,TX,75216
911,333 S SAINT AUGUSTINE DR,DALLAS,TX,75217
912,8704 CYPRESS WATERS BLVD STE 100,IRVING,TX,75063
913,8202 SPRING VALLEY RD STE 300,DALLAS,TX,75240
914,1639 S BUCKNER BLVD,DALLAS,TX,75217
915,10788 HARRY HINES BLVD STE B-21,DALLAS,TX,75220
916,727 ORIOLE BLVD,DUNCANVILLE,TX,75116
917,2501 S CARRIER PKWY,GRAND PRAIRIE,TX,75052
918,7150 CHAUCER PL STE 108,DALLAS,TX,75237
919,2315 TRELLIS PL,RICHARDSON,TX,75081
920,1519 MLK JR BLVD,DALLAS,TX,75215
921,601 S PLANO RD,RICHARDSON,TX,75081
922,2854 W DAVIS ST,DALLAS,TX,75211
923,1210 S HAMPTON RD,DALLAS,TX,75208
924,6411 GREAT TRINITY FOREST WAY,DALLAS,TX,75217
925,10942 ELAM RD,BALCH SPRINGS,TX,75180
926,3007 S CARRIER PKWY STE 205,GRAND PRAIRIE,TX,75052
927,3310 ELSIE FAYE HEGGINS ST,DALLAS,TX,75215
928,6464 E NORTHWEST HWY STE 335,DALLAS,TX,75214
929,8003 FERGUSON RD,DALLAS,TX,75228
930,1463 W PLEASANT RUN RD,LANCASTER,TX,75146
931,9281 S CENTRAL EXPY,DALLAS,TX,75241
932,1544 EDISON ST,DALLAS,TX,75207
933,3921 MARTIN LUTHER KING JR BLVD,DALLAS,TX,75210
934,5926 ALPHA RD,DALLAS,TX,75240
935,1549 E BELT LINE RD,RICHARDSON,TX,75081
936,513 W JEFFERSON ST STE 150,GRAND PRAIRIE,TX,75051
937,437 W PIONEER PKWY,GRAND PRAIRIE,TX,75051
938,1501 SMALL ST,GRAND PRAIRIE,TX,75050
939,7331 GASTON AVE # 130,DALLAS,TX,75214
940,1546 ROWLETT RD STE 107,GARLAND,TX,75043
941,911 E DAVIS ST STE A,MESQUITE,TX,75149
942,3212 N JUPITER RD STE 100,GARLAND,TX,75044
943,1380 W CAMPBELL RD,RICHARDSON,TX,75080
944,7508 AMBASSADOR ROW STE 110,DALLAS,TX,75247
945,5211 GUS THOMASSON RD,MESQUITE,TX,75150
946,2017 W DAVIS ST,DALLAS,TX,75208
947,2683 CEDAR CREST BLVD,DALLAS,TX,75203
948,1313 N JIM MILLER RD,DALLAS,TX,75217
949,2120 IRVING BLVD,DALLAS,TX,75207
950,6501 HILLCREST AVE,DALLAS,TX,75205
951,8160 WALNUT HILL LN STE PEROT,DALLAS,TX,75231
952,521 W DAVIS ST,DALLAS,TX,75208
953,2222 MCKINNEY AVE STE 230,DALLAS,TX,75201
954,5634 HIGHWAY 78 STE 114,SACHSE,TX,75048
955,1885 ESTERS RD STE 120,IRVING,TX,75061
956,7932 GREAT TRINITY FOREST WAY STE 112,DALLAS,TX,75217
957,8698 SKILLMAN ST,DALLAS,TX,75243
958,6309 HANCOCK RD,ROWLETT,TX,75089
959,1635 MARKET PL,IRVING,TX,75063
960,3701 PIONEER RD STE 101,BALCH SPRINGS,TX,75180
961,3578 W AIRPORT FWY,IRVING,TX,75062
962,1521 N COCKRELL HILL RD,DALLAS,TX,75211
963,10045 N MACARTHUR BLVD STE 101,IRVING,TX,75063
964,951 W BELT LINE RD,DESOTO,TX,75115
965,181 TOWN SQUARE,LANCASTER,TX,75146
966,2810 N O CONNOR RD,IRVING,TX,75062
967,125 ROMA DR,GARLAND,TX,75041
968,3500 LAKEVIEW PKWY,ROWLETT,TX,75088
969,2745 W NORTHWEST HWY,DALLAS,TX,75220
970,1630 E MAIN ST,GRAND PRAIRIE,TX,75050
971,2727 LIVE OAK ST,DALLAS,TX,75204
972,300 N COIT RD STE 134,RICHARDSON,TX,75080
973,2305 NORTH CENTRAL EXPRESSWAY,DALLAS,TX,75204
974,8451 PARK LN,DALLAS,TX,75231
975,4516 E SIDE AVE,DALLAS,TX,75226
976,2926 S BUCKNER BLVD,DALLAS,TX,75227
977,2800 GLENWICK LN STE 110,IRVING,TX,75060
978,735 N WESTMORELAND RD,DALLAS,TX,75211
979,5290 BELT LINE RD STE 104,DALLAS,TX,75254
980,7007 LAKE JUNE RD,DALLAS,TX,75217
981,3441 BEGONIA LN,IRVING,TX,75038
982,2275 GUS THOMASSON RD,DALLAS,TX,75228
983,1346 N MASTERS DR STE 100,DALLAS,TX,75217
984,1949 E CENTERVILLE RD,GARLAND,TX,75041
985,15707 COIT RD,DALLAS,TX,75248
986,2324 SHORECREST DR,DALLAS,TX,75235
987,3064 WEBB CHAPEL EXT,DALLAS,TX,75220
988,13605 MIDWAY RD,FARMERS BRANCH,TX,75244
989,6921 LAKE JUNE RD,DALLAS,TX,75217
990,2215 N STORY RD,IRVING,TX,75062
991,9780 WALNUT ST STE 360,DALLAS,TX,75243
992,2017 S BECKLEY AVE,DALLAS,TX,75224
993,4701 LAKEVIEW PKWY,ROWLETT,TX,75088
994,228 W 6TH ST # 110,IRVING,TX,75060
995,2412 W LEDBETTER DR,DALLAS,TX,75233
996,2240 ROYAL LN STE 306,DALLAS,TX,75229
997,2222 MCKINNEY AVE STE 110,DALLAS,TX,75201
998,4460 W WALNUT ST STE 126,GARLAND,TX,75042
999,2200 W SHADY GROVE RD,IRVING,TX,75060
1000,4724 GREENVILLE AVE,DALLAS,TX,75206
1001,300 N MAIN ST,HUTCHINS,TX,75141
1002,3425 FOREST LN STE A,GARLAND,TX,75042
1003,7610 GREENVILLE AVE,DALLAS,TX,75231
1004,750 N RIVERFRONT BLVD,DALLAS,TX,75207
1005,2806 W NORTHWEST HWY,DALLAS,TX,75220
1006,833 N WESTMORELAND RD,DALLAS,TX,75211
1007,1625 FERRIS RD,GARLAND,TX,75044
1008,2445 W NORTHWEST HWY STE 109,DALLAS,TX,75220
1009,12895 JOSEY LN STE 225,FARMERS BRANCH,TX,75234
1010,8324 SOUTHWESTERN BLVD,DALLAS,TX,75206
1011,4301 SATURN RD,GARLAND,TX,75041
1012,8035 E R L THORNTON FWY STE 432,DALLAS,TX,75228
1013,2949 E KIEST BLVD,DALLAS,TX,75216
1014,16315 FALLKIRK DR,DALLAS,TX,75248
1015,114 E IRVING BLVD,IRVING,TX,75060
1016,1753 BLUE STREAM DR,DESOTO,TX,75115
1017,615 S MAIN ST,DUNCANVILLE,TX,75116
1018,5630 HIGHWAY 78,SACHSE,TX,75048
1019,4630 HATCHER ST,DALLAS,TX,75210
1020,515 W CAMPBELL RD STE 105,RICHARDSON,TX,75080
1021,1719 SINGLETON BLVD,DALLAS,TX,75212
1022,3939 S POLK ST STE 323,DALLAS,TX,75224
1023,2827 S BUCKNER BLVD,DALLAS,TX,75227
1024,3926 E OVERTON RD,DALLAS,TX,75216
1025,4020 VILLANOVA ST,DALLAS,TX,75225
1026,851 LAKE CAROLYN PKWY STE 150,IRVING,TX,75039
1027,633 W DAVIS ST,DALLAS,TX,75208
1028,8601 SUNSET BLVD STE A,ROWLETT,TX,75088
1029,2433 PARKCREST DR,GARLAND,TX,75041
1030,211 N ERVAY ST STE 120,DALLAS,TX,75201
1031,912 E IRVING BLVD,IRVING,TX,75060
1032,5630 E MOCKINGBIRD LN,DALLAS,TX,75206
1033,100 W SANDY LAKE RD,COPPELL,TX,75019
1034,5507 LINDSLEY AVE,DALLAS,TX,75223
1035,950 S CARRIER PKWY STE 110,GRAND PRAIRIE,TX,75051
1036,7902 ESTERS BLVD,IRVING,TX,75063
1037,8721 LAKE JUNE RD,DALLAS,TX,75217
1038,3155 S LANCASTER RD STE 130,DALLAS,TX,75216
1039,509 N GILPIN AVE,DALLAS,TX,75211
1040,2433 W KIEST BLVD,DALLAS,TX,75233
1041,6410 SKILLMAN ST,DALLAS,TX,75231
1042,4302 W CAMP WISDOM RD,DALLAS,TX,75237
1043,2105 S GARLAND AVE,GARLAND,TX,75041
1044,9575 SCYENE RD STE 102,DALLAS,TX,75227
1045,4216 S CARRIER PKWY,GRAND PRAIRIE,TX,75052
1046,202 W PIONEER PKWY,GRAND PRAIRIE,TX,75051
1047,207 CLARICE ST,GRAND PRAIRIE,TX,75051
1048,5509 W LOVERS LN STE A,DALLAS,TX,75209
1049,420 N PLANO RD,GARLAND,TX,75042
1050,13900 JOSEY LN,FARMERS BRANCH,TX,75234
1051,9770 FOREST LN,DALLAS,TX,75243
1052,1103 S JOSEY LN STE 411,CARROLLTON,TX,75006
1053,10909 WEBB CHAPEL RD STE 131,DALLAS,TX,75229
1054,6514 CHEVY CHASE AVE,DALLAS,TX,75225
1055,9350 N CENTRAL EXPY,DALLAS,TX,75231
1056,2014-2016 W BUCKINGHAM,GARLAND,TX,75042
1057,13091 BEE ST,FARMERS BRANCH,TX,75234
1058,2523 HUTCHINS DR,SEAGOVILLE,TX,75159
1059,3435 JANE LN,DALLAS,TX,75247
1060,2801 S MARSALIS AVE,DALLAS,TX,75216
1061,16731 COIT RD,DALLAS,TX,75248
1062,1817 AVENUE F,GRAND PRAIRIE,TX,75051
1063,8413 PRESTON CENTER PLZ,DALLAS,TX,75225
1064,1413 W PIONEER DR,IRVING,TX,75061
1065,4950 COLUMBIA AVE,DALLAS,TX,75214
1066,10956 ELAM RD,BALCH SPRINGS,TX,75180
1067,13131 MONTFORT DR,DALLAS,TX,75240
1068,3128 FOREST LN STE 251,DALLAS,TX,75234
1069,1512 S BELT LINE RD STE 2,DALLAS,TX,75253
1070,2100 ROSS AVE STE 110,DALLAS,TX,75201
1071,108 W BELT LINE RD STE 1,CEDAR HILL,TX,75104
1072,1028 W CAMP WISDOM RD STE 1028,DALLAS,TX,75232
1073,12920 PRESTON RD,DALLAS,TX,75230
1074,2417 W AIRPORT FWY,IRVING,TX,75062
1075,1725 S INTERSTATE 35E STE 140,CARROLLTON,TX,75006
1076,3802 N TOWN EAST BLVD,MESQUITE,TX,75150
1077,5049 ADDISON CIR,ADDISON,TX,75001
1078,9155 STERLING ST STE 150,IRVING,TX,75063
1079,5819 SWISS AVE,DALLAS,TX,75214
1080,375 E INTERSTATE 30,GARLAND,TX,75043
1081,2713 INDUSTRIAL LN,GARLAND,TX,75041
1082,2680 LEA CREST DR,DALLAS,TX,75216
1083,3723 HAMILTON AVE,DALLAS,TX,75210
1084,717 E ANN ARBOR AVE,DALLAS,TX,75216
1085,210 E PLEASANT RUN RD,DESOTO,TX,75115
1086,2828 MOTLEY DR,MESQUITE,TX,75150
1087,4150 BELT LINE RD,ADDISON,TX,75001
1088,6423 ABERDEEN AVE,DALLAS,TX,75230
1089,7777 HINES PL,DALLAS,TX,75235
1090,5302 N GADRLAND AVENUE,GARLAND,TX,75044
1091,12101 GREENVILLE AVE STE 107,DALLAS,TX,75243
1092,1613 W NORTHWEST HWY,DALLAS,TX,75220
1093,387 LAS COLINAS BLVD E STE 106,IRVING,TX,75039
1094,2008 W CLARENDON DR,DALLAS,TX,75208
1095,125 HALL RD,SEAGOVILLE,TX,75159
1096,5306 W DAVIS ST,DALLAS,TX,75211
1097,3626 SATURN RD,GARLAND,TX,75041
1098,2932 MAIN ST,DALLAS,TX,75226
1099,417 E CAMP WISDOM RD,DUNCANVILLE,TX,75116
1100,425 E PIONEER PKWY STE 6,GRAND PRAIRIE,TX,75051
1101,2642 MALCOLM X BLVD,DALLAS,TX,75215
1102,2001 MILITARY PKWY,MESQUITE,TX,75149
1103,5150 DUCK CREEK DR # 107,GARLAND,TX,75043
1104,5942 ABRAMS RD,DALLAS,TX,75231
1105,6770 GREENVILLE AVE,DALLAS,TX,75231
1106,106 N DENTON TAP RD,COPPELL,TX,75019
1107,305 W FM 1382 STE 302,CEDAR HILL,TX,75104
1108,2645 ARAPAHO RD,GARLAND,TX,75044
1109,3806 S STATE HIGHWAY 161 STE 500,GRAND PRAIRIE,TX,75052
1110,910 S HAMPTON RD STE D,DALLAS,TX,75208
1111,205 N CARROLL AVE,DALLAS,TX,75246
1112,250 W HIGHWAY 67,DUNCANVILLE,TX,75137
1113,7000 SNIDER PLZ,UNIVERSITY PARK,TX,75205
1114,9440 GARLAND RD STE 150,DALLAS,TX,75218
1115,1102 W PIONEER PKWY STE 125,GRAND PRAIRIE,TX,75051
1116,1426 S CLARK RD,DUNCANVILLE,TX,75137
1117,2424 S CESAR CHAVEZ BLVD,DALLAS,TX,75215
1118,2640 S STATE HIGHWAY 161,GRAND PRAIRIE,TX,75052
1119,580 W ARAPAHO RD STE 218,RICHARDSON,TX,75080
1120,9779 FOREST LN STE 200C,DALLAS,TX,75243
1121,3005 S CARRIER PKWY STE 101,GRAND PRAIRIE,TX,75052
1122,222 S HALL ST,DALLAS,TX,75226
1123,608 HALL RD,SEAGOVILLE,TX,75159
1124,11810 C F HAWN FWY,DALLAS,TX,75253
1125,8282 PARK LN,DALLAS,TX,75231
1126,610 E RED BIRD LN,DUNCANVILLE,TX,75116
1127,1717 OATES DR,MESQUITE,TX,75150
1128,3015 ARAPAHO RD,GARLAND,TX,75044
1129,2654 N BELT LINE RD,IRVING,TX,75062
1130,2052 FORT WORTH AVE,DALLAS,TX,75208
1131,940 E BELT LINE RD STE 100,RICHARDSON,TX,75081
1132,4050 GUS THOMASSON RD,MESQUITE,TX,75150
1133,3997 N BELT LINE RD,IRVING,TX,75038
1134,2750 W NORTHWEST HWY STE 100,DALLAS,TX,75220
1135,1885 ESTERS RD STE 110,IRVING,TX,75061
1136,324 W CAMPBELL RD,RICHARDSON,TX,75080
1137,2165 BUCKINGHAM RD,RICHARDSON,TX,75081
1138,5501 LINDSLEY AVE,DALLAS,TX,75223
1139,7964 N MACARTHUR BLVD,IRVING,TX,75063
1140,5301 N GARLAND AVE,GARLAND,TX,75040
1141,3915 LINFIELD RD,DALLAS,TX,75216
1142,3340 W ROYAL LN,IRVING,TX,75063
1143,4026 CEDAR SPRINGS RD,DALLAS,TX,75219
1144,200 CRESCENT CT STE 40,DALLAS,TX,75201
1145,1601 MILLER FERRY RD TRLR 196,WILMER,TX,75172
1146,6465 E MOCKINGBIRD LN STE 322,DALLAS,TX,75214
1147,1512 S BELT LINE RD,DALLAS,TX,75253
1148,5013 SATURN RD,GARLAND,TX,75041
1149,4340 HARRY HINES BLVD STE B,DALLAS,TX,75219
1150,6536 SKILLMAN ST,DALLAS,TX,75231
1151,342 TRIBUTE RD,LANCASTER,TX,75146
1152,3249 FOREST LN,GARLAND,TX,75042
1153,15220 MONTFORT RD,DALLAS,TX,75248
1154,5809 E LOVERS LN,DALLAS,TX,75206
1155,2200 CEDAR CREST BLVD,DALLAS,TX,75203
1156,9670 PLANO RD,DALLAS,TX,75238
1157,6333 E MOCKINGBIRD LN # 301,DALLAS,TX,75214
1158,4505 LASATER RD,MESQUITE,TX,75181
1159,3342 BROADWAY BLVD STE 118,GARLAND,TX,75043
1160,15201 DALLAS PKWY,ADDISON,TX,75001
1161,633 W WHEATLAND RD,DUNCANVILLE,TX,75116
1162,320 CASA LINDA PLAZA BUCKNER AT GARLAND,DALLAS,TX,75218
1163,1805 S EDGEFIELD AVE,DALLAS,TX,75224
1164,555 W I-30,GARLAND,TX,75043
1165,6301 ABRAMS RD STE 127,DALLAS,TX,75231
1166,2150 N JOSIE LANE,CARROLLTON,TX,75006
1167,2329 W SHADY GROVE RD,IRVING,TX,75060
1168,7512 E NORTHWEST HWY,DALLAS,TX,75238
1169,1230 N SAINT AUGUSTINE DR,DALLAS,TX,75217
1170,1500 S BELT LINE RD,MESQUITE,TX,75149
1171,901 BELT LINE RD STE 100-101,GARLAND,TX,75040
1172,9410 WEBB CHAPEL RD,DALLAS,TX,75220
1173,501 CORINTH ST,DALLAS,TX,75207
1174,2372 OATES DR,DALLAS,TX,75228
1175,1120 S WESTMORELAND RD,DALLAS,TX,75211
1176,7818 ROWLETT RD,ROWLETT,TX,75089
1177,3620 SHEPHERD LN STE A,BALCH SPRINGS,TX,75180
1178,3034 MOCKINGBIRD LN,DALLAS,TX,75205
1179,350 N SAINT PAUL ST,DALLAS,TX,75201
1180,407 N LAMAR ST STE 400,DALLAS,TX,75202
1181,2950 W CAMP WISDOM RD,DALLAS,TX,75237
1182,12121 ABRAMS RD,DALLAS,TX,75243
1183,7117 INWOOD RD,DALLAS,TX,75209
1184,3128 FOREST LN STE 245,DALLAS,TX,75234
1185,10000 WALNUT ST APT 1002,DALLAS,TX,75243
1186,14825 INWOOD RD # 200,ADDISON,TX,75001
1187,6185 RETAIL RD STE 100,DALLAS,TX,75231
1188,4164 N CENTRAL EXPY,DALLAS,TX,75204
1189,3305 GRAND AVE,DALLAS,TX,75210
1190,8188 SPRING VALLEY RD STE 110,DALLAS,TX,75240
1191,1023 S HAMPTON RD,DALLAS,TX,75208
1192,4864 S BUCKNER BLVD STE A,DALLAS,TX,75227
1193,1717 NORTHWEST HWY,GARLAND,TX,75041
1194,5710 BROADWAY BLVD,GARLAND,TX,75043
1195,313 LAS COLINAS BLVD E,IRVING,TX,75039
1196,215 N CARRIER PKWY,GRAND PRAIRIE,TX,75050
1197,9301 FOREST LN,DALLAS,TX,75243
1198,5477 N MACARTHUR BLVD,IRVING,TX,75038
1199,3511 REGENT BLVD # 110,IRVING,TX,75063
1200,504 W ARAPAHO RD,RICHARDSON,TX,75080
1201,427 E FM 1382,CEDAR HILL,TX,75104
1202,10810 FERGUSON RD,DALLAS,TX,75228
1203,9702 BROCKBANK DR STE 100,DALLAS,TX,75220
1204,5308 MAPLE AVE,DALLAS,TX,75235
1205,6605 DALROCK RD,ROWLETT,TX,75089
1206,1701 S BELT LINE RD # 110,GRAND PRAIRIE,TX,75051
1207,2717 E BELT LINE RD,CARROLLTON,TX,75006
1208,3878 OAK LAWN AVE,DALLAS,TX,75219
1209,1300 S POLK ST STE 252,DALLAS,TX,75224
1210,12800 ABRAMS RD,DALLAS,TX,75243
1211,1500 S BELT LINE RD,MESQUITE,TX,75149
1212,3212 N JUPITER RD STE 201,GARLAND,TX,75044
1213,200 CRESCENT CT STE 40,DALLAS,TX,75201
1214,1036 N COUNTRY CLUB RD,GARLAND,TX,75040
1215,4122 LYNDON B JOHNSON FWY,DALLAS,TX,75244
1216,1501 PIONEER RD,MESQUITE,TX,75149
1217,4460 W WALNUT ST STE 108,GARLAND,TX,75042
1218,1727 N BECKLEY AVE,DALLAS,TX,75203
1219,10828 DENNIS RD,DALLAS,TX,75229
1220,4125 FAIRMOUNT ST,DALLAS,TX,75219
1221,718 N BUCKNER BLVD STE 332,DALLAS,TX,75218
1222,5535 S CENTRAL EXPY,DALLAS,TX,75215
1223,212 CARRIAGE CT,COPPELL,TX,75019
1224,2828 MOTLEY DR,MESQUITE,TX,75150
1225,8800 S POLK ST,DALLAS,TX,75232
1226,8600 N MACARTHUR BLVD STE 160,IRVING,TX,75063
1227,5330 N MACARTHUR BLVD STE 140,IRVING,TX,75038
1228,522 PRESTON ROYAL,DALLAS,TX,75230
1229,5360 W LOVERS LN STE 200,DALLAS,TX,75209
1230,1004 WEBB CHAPEL RD,CARROLLTON,TX,75006
1231,8424 PRESTON RD,DALLAS,TX,75225
1232,4034 CEDAR SPRINGS RD,DALLAS,TX,75219
1233,215 N CARRIER PKWY,GRAND PRAIRIE,TX,75050
1234,1066 PIONEER RD,MESQUITE,TX,75149
1235,535 N PLANO RD,GARLAND,TX,75042
1236,971 N HIGHWAY 67 STE 400,CEDAR HILL,TX,75104
1237,11555 FERGUSON RD # 500,DALLAS,TX,75228
1238,2424 S CESAR CHAVEZ BLVD,DALLAS,TX,75215
1239,10690 WALNUT HILL LN,DALLAS,TX,75238
1240,1509 PIONEER RD,MESQUITE,TX,75149
1241,4343 LOVERS LN,DALLAS,TX,75225
1242,3036 BROADWAY BLVD,GARLAND,TX,75041
1243,427 E FM 1382,CEDAR HILL,TX,75104
1244,2165 E BUCKINGHAM DR,RICHARDSON,TX,75081
1245,4010 N BELT LINE RD,IRVING,TX,75038
1246,1910 PACIFIC AVE STE 2050,DALLAS,TX,75201
1247,9255 S CENTRAL EXPY,DALLAS,TX,75241
1248,12000 MCCREE RD,DALLAS,TX,75238
1249,1900 MARKET PLACE BLVD,IRVING,TX,75063
1250,6025 ROYAL LN STE 314B,DALLAS,TX,75230
1251,4129 MATTHEW RD,GRAND PRAIRIE,TX,75052
1252,5150 N GARLAND AVE,GARLAND,TX,75040
1253,2909 COLE AVE STE 100,DALLAS,TX,75204
1254,4201 W WALNUT ST,GARLAND,TX,75042
1255,8123 PRESTON RD,DALLAS,TX,75225
1256,315 S HAMPTON RD,DALLAS,TX,75208
1257,4814 GASTON AVE,DALLAS,TX,75246
1258,100 S CENTRAL EXPY STE 36,RICHARDSON,TX,75080
1259,5547 BERNAL DR,DALLAS,TX,75212
1260,11812 INWOOD RD,DALLAS,TX,75244
1261,1621 N GARRETT AVE,DALLAS,TX,75206
1262,3329 N STORY RD,IRVING,TX,75062
1263,6505 DUCK CREEK DR,GARLAND,TX,75043
1264,5656 ALPHA RD STE B,DALLAS,TX,75240
1265,2149 N JOSEY LN,CARROLLTON,TX,75006
1266,1609 DALWORTH ST,GRAND PRAIRIE,TX,75050
1267,4202 PIONEER RD,BALCH SPRINGS,TX,75180
1268,1200 N BUCKNER BLVD,DALLAS,TX,75218
1269,5535 COLUMBIA AVE,DALLAS,TX,75214
1270,900 S DENLEY DR,DALLAS,TX,75216
1271,2515 W JEFFERSON BLVD,DALLAS,TX,75211
1272,2002 HIGHWAY 66,GARLAND,TX,75040
1273,3210 FALLS DR,DALLAS,TX,75211
1274,850 BELT LINE RD,GARLAND,TX,75040
1275,5200 GUS THOMASSON RD STE 100,MESQUITE,TX,75150
1276,4625 FRANKFORD RD,DALLAS,TX,75287
1277,2918 S JUPITER RD,GARLAND,TX,75041
1278,1814 N STORY RD,IRVING,TX,75061
1279,106 N DENTON TAPP RD,COPPELL,TX,75019
1280,9205 SKILLMAN ST STE 123,DALLAS,TX,75243
1281,145 W ANN ARBOR AVE,DALLAS,TX,75224
1282,320 CASA LINDA PLZ,DALLAS,TX,75218
1283,9508 WEBB CHAPEL RD,DALLAS,TX,75220
1284,1101 SOUTHRIDGE DR,LANCASTER,TX,75146
1285,2800 W IRVING BLVD # E144,IRVING,TX,75061
1286,1509 PIONEER RD,MESQUITE,TX,75149
1287,2377 STEMMONS TRL,DALLAS,TX,75220
1288,3300 KNOX ST STE 200,DALLAS,TX,75205
1289,2111 W NORTHWEST HWY,DALLAS,TX,75220
1290,6323 S R L THORNTON FWY,DALLAS,TX,75232
1291,4701 N GALLOWAY AVE STE 106,MESQUITE,TX,75150
1292,1802 SE 14TH ST,GRAND PRAIRIE,TX,75051
1293,1515 S BUCKNER BLVD,DALLAS,TX,75217
1294,1562 E ANN ARBOR AVE,DALLAS,TX,75216
1295,150 N INTERSTATE 35 E,LANCASTER,TX,75146
1296,2063 TOWN EAST MALL STE 2228,MESQUITE,TX,75150
1297,3215 W DAVIS ST,DALLAS,TX,75211
1298,3347 W WALNUT ST STE 101,GARLAND,TX,75042
1299,5330 N MACARTHUR BLVD STE 112,IRVING,TX,75038
1300,6535 DUCK CREEK DR,GARLAND,TX,75043
1301,3107 S COCKRELL HILL RD,DALLAS,TX,75236
1302,2925 W CAMP WISDOM RD,DALLAS,TX,75237
1303,2640 OLD DENTON RD STE 148,CARROLLTON,TX,75007
1304,3250 SAMUELL BLVD,DALLAS,TX,75223
1305,7735 GREENVILLE AVE,DALLAS,TX,75231
1306,717 S 5TH ST,GARLAND,TX,75040
1307,3101 SATURN RD,GARLAND,TX,75041
1308,3745 N STORY RD,IRVING,TX,75062
1309,1401 TI BLVD STE H,RICHARDSON,TX,75081
1310,8505 LAKEVIEW PKWY STE 320,ROWLETT,TX,75088
1311,1721 BELT LINE RD,GARLAND,TX,75044
1312,15055 INWOOD RD,ADDISON,TX,75001
1313,9625 WEBB CHAPEL RD,DALLAS,TX,75220
1314,925 NORTHWEST HWY,GARLAND,TX,75041
1315,4215 S CARRIER PKWY,GRAND PRAIRIE,TX,75052
1316,900 N POLK ST STE 120,DESOTO,TX,75115
1317,6866 SHADYBROOK LN,DALLAS,TX,75231
1318,5710 BROADWAY BLVD,GARLAND,TX,75043
1319,110 W AIRPORT FWY,IRVING,TX,75062
1320,540 CENTENNIAL BLVD,RICHARDSON,TX,75081
1321,920 S HARWOOD ST STE 131,DALLAS,TX,75201
1322,621 UPTOWN BLVD,CEDAR HILL,TX,75104
1323,9901 ROYAL LN STE 108,DALLAS,TX,75231
1324,14280 MARSH LN,ADDISON,TX,75001
1325,4724 GREENVILLE AVE STE B,DALLAS,TX,75206
1326,520 N JUPITER RD STE A,GARLAND,TX,75042
1327,2602 MAYFIELD RD,GRAND PRAIRIE,TX,75052
1328,3511 OAK LAWN AVE,DALLAS,TX,75219
1329,4122 LYNDON B JOHNSON FWY,DALLAS,TX,75244
1330,7303 JOHN W CARPENTER FWY,DALLAS,TX,75247
1331,1264 W SPRING VALLEY RD,RICHARDSON,TX,75080
1332,1450 W PLEASANT RUN RD STE 108,LANCASTER,TX,75146
1333,2717 E BELT LINE RD STE 105,CARROLLTON,TX,75006
1334,4201 TRAVIS ST,DALLAS,TX,75205
1335,4550 W BUCKINGHAM RD,GARLAND,TX,75042
1336,1737 GREENVILLE AVE,DALLAS,TX,75206
1337,4537 FOREST LN,GARLAND,TX,75042
1338,1501 BUCKINGHAM RD,RICHARDSON,TX,75081
1339,1802 S DENLEY DR,DALLAS,TX,75216
1340,1800 VALLEY VIEW LN STE 158,IRVING,TX,75061
1341,9450 SKILLMAN ST STE 106,DALLAS,TX,75243
1342,2515 W JEFFERSON BLVD STE 300,DALLAS,TX,75211
1343,2911 E LEDBETTER DR,DALLAS,TX,75216
1344,112 N COLLETT AVE STE 132,DALLAS,TX,75214
1345,9645 VISTA OAKS DR,DALLAS,TX,75243
1346,1807 N GALLOWAY AVE,MESQUITE,TX,75149
1347,3550 LYNDON B JOHNSON FWY,IRVING,TX,75063
1348,201 E BELT LINE RD STE 101,DESOTO,TX,75115
1349,801 W PALESTINE ST STE 105,HUTCHINS,TX,75141
1350,1635 CHAMPAGNE DR,DALLAS,TX,75224
1351,1221 N HAMPTON RD,DALLAS,TX,75208
1352,3341 REGENT BLVD STE 140,IRVING,TX,75063
1353,1840 S 1ST ST,GARLAND,TX,75040
1354,3699 MCKINNEY AVE STE 318,DALLAS,TX,75204
1355,712 S WALTON WALKER BLVD,DALLAS,TX,75211
1356,1801 MARKETPLACE DR,GARLAND,TX,75041
1357,937 BARNES BRIDGE RD,MESQUITE,TX,75150
1358,259 E GRAUWYLER RD # 170,IRVING,TX,75061
1359,3604 BLOCK DR APT 104,IRVING,TX,75038
1360,9500 N CENTRAL EXPY STE 200,DALLAS,TX,75231
1361,4818 S 2ND AVE,DALLAS,TX,75210
1362,2419 W KIEST BLVD,DALLAS,TX,75233
1363,712 S WALTON WALKER BLVD # 11H,DALLAS,TX,75211
1364,4847 SCYENE RD STE B,DALLAS,TX,75210
1365,4306 N CENTRAL EXPY,DALLAS,TX,75206
1366,3600 W PIONEER DR STE 140,IRVING,TX,75061
1367,2006 W BUCKINGHAM RD,GARLAND,TX,75042
1368,2333 HARDWICK ST,DALLAS,TX,75208
1369,145 S MASTERS DR,DALLAS,TX,75217
1370,511 N AKARD ST STE 101,DALLAS,TX,75201
1371,1205 DOWDY FERRY RD,HUTCHINS,TX,75141
1372,4041 W WHEATLAND RD STE 216,DALLAS,TX,75237
1373,2422 ALLEN ST,DALLAS,TX,75204
1374,2625 OLD DENTON RD STE 418,CARROLLTON,TX,75007
1375,5606 S R L THORNTON FWY,DALLAS,TX,75232
1376,1916 WALNUT PLZ STE 105,CARROLLTON,TX,75006
1377,1009 W ROCHELLE RD,IRVING,TX,75062
1378,829 S CORINTH STREET RD,DALLAS,TX,75203
1379,2815 ALLEN ST STE 122,DALLAS,TX,75204
1380,5307 E MOCKINGBIRD LN STE 107,DALLAS,TX,75206
1381,9972 MARSH LN,DALLAS,TX,75220
1382,4101 W WHEATLAND RD,DALLAS,TX,75237
1383,2034 IRVING BLVD,DALLAS,TX,75207
1384,6421 RIVERSIDE DR STE 160,IRVING,TX,75039
1385,125 HALL RD,SEAGOVILLE,TX,75159
1386,555 PROMENADE PKWY APT 451,IRVING,TX,75039
1387,2435 W MILLER RD,GARLAND,TX,75041
1388,3341 COUNTRY CLUB DR W,IRVING,TX,75038
1389,5417 BERNAL DR,DALLAS,TX,75212
1390,3602 S LANCASTER RD,DALLAS,TX,75216
1391,2326 W SHADY GROVE RD,IRVING,TX,75060
1392,1229 ADMIRAL NIMITZ CIR,DALLAS,TX,75210
1393,1900 MARKET PLACE BLVD,IRVING,TX,75063
1394,2020 HIGHWAY 66,GARLAND,TX,75040
1395,1519 S HAMPTON RD,GLENN HEIGHTS,TX,75154
1396,15130 SEAGOVILLE RD,DALLAS,TX,75253
1397,4210 PIONEER RD,BALCH SPRINGS,TX,75180
1398,2546 ROYAL LN,DALLAS,TX,75229
1399,1001 N HIGHWAY 175,SEAGOVILLE,TX,75159
1400,5122 S 2ND AVE,DALLAS,TX,75210
1401,2050 N WESTMORELAND RD STE 100,DALLAS,TX,75212
1402,13531 MONTFORT DR STE 125,DALLAS,TX,75240
1403,2118 ABRAMS RD,DALLAS,TX,75214
1404,3605 FOREST LN,DALLAS,TX,75234
1405,804 S MACARTHUR BLVD,COPPELL,TX,75019
1406,13021 COIT RD STE 106,DALLAS,TX,75240
1407,400 S HALL ST APT 248,DALLAS,TX,75226
1408,2130 E LEDBETTER DR,DALLAS,TX,75216
1409,7726 FERGURSON RD,DALLAS,TX,75228
1410,3744 W LEDBETTER DR STE 106,DALLAS,TX,75233
1411,1007 CEDARDALE RD,LANCASTER,TX,75134
1412,6211 OWENS ST STE 100,DALLAS,TX,75235
1413,2225 SPIKES ST,GRAND PRAIRIE,TX,75051
1414,900 N POLK ST STE 102,DESOTO,TX,75115
1415,209 E GREENBRIAR LN,DALLAS,TX,75203
1416,5321 THE STATION BLVD STE B150,SACHSE,TX,75048
1417,5331 HOLLAND AVE,DALLAS,TX,75209
1418,6102 SAMUELL BLVD STE 100,DALLAS,TX,75228
1419,2240 MARSH LN # 120,CARROLLTON,TX,75006
1420,5119 ROWLETT RD,ROWLETT,TX,75088
1421,10300 SCYENE RD STE 100,DALLAS,TX,75227
1422,10645 HARRY HINES BLVD,DALLAS,TX,75220
1423,2031 N GALLOWAY AVE,MESQUITE,TX,75149
1424,11437 SHILOH RD,DALLAS,TX,75228
1425,3610 W JEFFERSON BLVD STE 100,COCKRELL HILL,TX,75211
1426,1201 W CAMP WISDOM RD,DALLAS,TX,75232
1427,16117 LONGVISTA DR,DALLAS,TX,75248
1428,1517 MAIN ST,DALLAS,TX,75201
1429,2743 CEDAR CREST BLVD,DALLAS,TX,75203
1430,800 E ARAPAHO RD STE 104,RICHARDSON,TX,75081
1431,11124 MANORVIEW CIR,DALLAS,TX,75228
1432,3706 CHEYENNE ST,IRVING,TX,75038
1433,3803 IRVING MALL,IRVING,TX,75062
1434,7324 GASTON AVE STE 115,DALLAS,TX,75214
1435,1401 NORTHWEST HWY STE 139,GARLAND,TX,75041
1436,4515 VILLAGE FAIR DR STE E10,DALLAS,TX,75224
1437,2447 GUS THOMASSON RD STE 12,DALLAS,TX,75228
1438,2216 W GRAUWYLER RD,IRVING,TX,75061
1439,5100 BELT LINE RD STE 1012,DALLAS,TX,75254
1440,8300 HARRY HINES BLVD,DALLAS,TX,75235
1441,3500 E ILLINOIS AVE,DALLAS,TX,75216
1442,2475 S COCKRELL HILL RD STE 100,DALLAS,TX,75211
1443,6504 HIGHWAY 78,SACHSE,TX,75048
1444,3030 LYNDON B JOHNSON FWY STE 1630,DALLAS,TX,75234
1445,2929 BELT LINE RD,GARLAND,TX,75044
1446,11700 PRESTON RD # 714,DALLAS,TX,75230
1447,102 S CEDAR RIDGE DR,DUNCANVILLE,TX,75116
1448,9740 WEBB CHAPEL RD,DALLAS,TX,75220
1449,1819 N GALLOWAY AVE,MESQUITE,TX,75149
1450,2447 GUS THOMASSON RD STE 126,DALLAS,TX,75228
1451,1325 E JEFFERSON ST,GRAND PRAIRIE,TX,75051
1452,3701 W CLARENDON DR STE 100,COCKRELL HILL,TX,75211
1453,3726 W DAVIS ST,DALLAS,TX,75211
1454,4467 ROSS AVE,DALLAS,TX,75204
1455,2780 ROYAL LN STE A,DALLAS,TX,75229
1456,11740 FERGUSON RD,DALLAS,TX,75228
1457,2050 N STEMMONS FWY UNIT 103,DALLAS,TX,75207
1458,3227 MCKINNEY AVE APT 9J,DALLAS,TX,75204
1459,10025 N MACARTHUR BLVD,IRVING,TX,75063
1460,9015 LEASIDE DR,DALLAS,TX,75238
1461,908 S RIVERFRONT BLVD,DALLAS,TX,75207
1462,2424 ROCK ISLAND RD,IRVING,TX,75060
1463,1133 N ZANG BLVD,DALLAS,TX,75203
1464,207 S CLARK RD,CEDAR HILL,TX,75104
1465,9669 FOREST LN APT 2006,DALLAS,TX,75243
1466,3439 MAYBETH ST,DALLAS,TX,75212
1467,3617 RIDGEBRIAR DR,DALLAS,TX,75234
1468,1445 W KINGSLEY RD,GARLAND,TX,75041
1469,4154 PREFERRED PL,DALLAS,TX,75237
1470,1727 BARNES BRIDGE RD,DALLAS,TX,75228
1471,2532 OLD DENTON RD STE 100,CARROLLTON,TX,75006
1472,8190 PARK LN STE 351,DALLAS,TX,75231
1473,207 W 6TH ST,IRVING,TX,75060
1474,5620 LYNDON B JOHNSON FWY STE 300,DALLAS,TX,75240
1475,2827 LIVE OAK ST,DALLAS,TX,75204
1476,1472 W SPRING VALLEY RD,RICHARDSON,TX,75080
1477,506 S NURSERY RD STE 120,IRVING,TX,75060
1478,225 NE 10TH ST,GRAND PRAIRIE,TX,75050
1479,2666 N BELT LINE RD,IRVING,TX,75062
1480,10940 LAKE JUNE RD,BALCH SPRINGS,TX,75180
1481,3900 N HAMPTON RD,DALLAS,TX,75212
1482,9219 GARLAND RD STE 1105,DALLAS,TX,75218
1483,13015 JUPITER RD STE 100,DALLAS,TX,75238
1484,819 VERMONT AVE,DALLAS,TX,75216
1485,2528 ELM ST STE A,DALLAS,TX,75226
1486,4123 N STORY RD,IRVING,TX,75038
1487,4100 LOMO ALTO DR,HIGHLAND PARK,TX,75219
1488,1735 LANSFORD AVE,DALLAS,TX,75224
1489,1105 S WALTON WALKER BLVD,DALLAS,TX,75211
1490,1915 S STORY RD,IRVING,TX,75060
1491,1401 E ARAPAHO RD STE A,RICHARDSON,TX,75081
1492,8405 LAKEVIEW PKWY STE 202,ROWLETT,TX,75088
1493,4140 W CAMP WISDOM RD # F,DALLAS,TX,75237
1494,5119 ROWLETT RD,ROWLETT,TX,75088
1495,705 N MACARTHUR BLVD,IRVING,TX,75061
1496,4030 N MACARTHUR BLVD STE 116,IRVING,TX,75038
1497,10560 WALNUT ST STE 1100,DALLAS,TX,75243
1498,2518 W BRUTON RD,BALCH SPRINGS,TX,75180
1499,8106 SOUTHWESTERN BLVD,DALLAS,TX,75206
1500,518 SOTOGRANDE DR,GARLAND,TX,75044
1501,2810 E TRINITY MILLS RD STE 219,CARROLLTON,TX,75006
1502,14444 DALLAS PKWY STE 115,DALLAS,TX,75254
1503,4349 W NORTHWEST HWY,DALLAS,TX,75220
1504,2633 SWISS AVE,DALLAS,TX,75204
1505,10300 SCYENE RD STE 100,DALLAS,TX,75227
1506,4020 W NORTHGATE DR,IRVING,TX,75062
1507,3921 MARTIN LUTHER KING JR BLVD # TB23F,DALLAS,TX,75210
1508,1326 W KINGSLEY RD,GARLAND,TX,75041
1509,2516 W BRUTON RD,BALCH SPRINGS,TX,75180
1510,6741 N MACARTHUR BLVD,IRVING,TX,75039
1511,2809 N MACARTHUR BLVD,IRVING,TX,75062
1512,3460 W WALNUT ST,GARLAND,TX,75042
1513,1575 S BELT LINE RD STE 160,COPPELL,TX,75019
1514,12243 E NORTHWEST HWY STE 200,DALLAS,TX,75228
1515,1402 N KAUFMAN ST,SEAGOVILLE,TX,75159
1516,949 W ROYAL LN,IRVING,TX,75039
1517,2447 GUS THOMASSON RD,DALLAS,TX,75228
1518,203 N BELT LINE RD STE 400,GRAND PRAIRIE,TX,75050
1519,7014 N STEMMONS FWY,DALLAS,TX,75247
1520,3921 MARTIN LUTHER KING JR BLVD # G32F,DALLAS,TX,75210
1521,2403 N FITZHUGH AVE,DALLAS,TX,75204
1522,225 E COLORADO BLVD,DALLAS,TX,75203
1523,8300 ELAM RD STE 130,DALLAS,TX,75217
1524,1101 S WALTON WALKER BLVD,DALLAS,TX,75211
1525,750 N SAINT PAUL ST STE 250,DALLAS,TX,75201
1526,2708 N HENDERSON AVE STE 200,DALLAS,TX,75206
1527,4404 W ILLINOIS AVE,DALLAS,TX,75211
1528,750 E 2ND ST STE 110,IRVING,TX,75060
1529,2051 W NORTHWEST HWY STE 60,DALLAS,TX,75220
1530,3032 BROADWAY BLVD,GARLAND,TX,75041
1531,2316 TIMBERLAKE DR,IRVING,TX,75062
1532,3933 S COCKRELL HILL RD,DALLAS,TX,75236
1533,429 W INTERSTATE 30 STE 6,GARLAND,TX,75043
1534,2810 TISINGER AVE,DALLAS,TX,75228
1535,8912 LAKE JUNE RD,DALLAS,TX,75217
1536,5657 E MOCKINGBIRD LN,DALLAS,TX,75206
1537,1012 S 1ST ST,GARLAND,TX,75040
1538,1910 S EDGEFIELD AVE,DALLAS,TX,75224
1539,2510 MCKINNEY AVE,DALLAS,TX,75201
1540,2014 N JUPITER RD STE A,GARLAND,TX,75044
1541,3525 W LEDBETTER DR,DALLAS,TX,75233
1542,311A W MARSHALL DR,GRAND PRAIRIE,TX,75051
1543,6448 E MOCKINGBIRD LN,DALLAS,TX,75214
1544,2743 FOREMAN ST,DALLAS,TX,75210
1545,1907 S CESAR CHAVEZ BLVD,DALLAS,TX,75215
1546,1909 S CESAR CHAVEZ BLVD,DALLAS,TX,75215
1547,3115 S 1ST ST STE 200,GARLAND,TX,75041
1548,136 N MASTERS DR,DALLAS,TX,75217
1549,3201 GRANADA DR,MESQUITE,TX,75181
1550,12103 WEBB CHAPEL RD,FARMERS BRANCH,TX,75234
1551,101 S SHERMAN ST STE B,RICHARDSON,TX,75081
1552,4221 TELEPHONE RD,DALLAS,TX,75241
1553,902 E SHADY GROVE RD,IRVING,TX,75060
1554,3287 S POLK ST,DALLAS,TX,75224
1555,5605 E GRAND AVE,DALLAS,TX,75223
1556,3921 MARTIN LUTHER KING JR BLVD,DALLAS,TX,75210
1557,13402 BAYARD CIR,DALLAS,TX,75243
1558,635 E PLEASANT RUN RD,CEDAR HILL,TX,75104
1559,11255 GARLAND RD STE 405,DALLAS,TX,75218
1560,1718 N MARKET ST,DALLAS,TX,75202
1561,2416 W LEDBETTER DR,DALLAS,TX,75233
1562,1107 N HIGHWAY 67,CEDAR HILL,TX,75104
1563,2838 W CLARENDON DR,DALLAS,TX,75211
1564,2403 WESTERN PARK DR,DALLAS,TX,75211
1565,110 S CARROLL AVE,DALLAS,TX,75226
1566,10788 HARRY HINES BLVD # E28,DALLAS,TX,75220
1567,3400 SAMUELL BLVD STE B,DALLAS,TX,75223
1568,2625 OLD DENTON RD STE 340,CARROLLTON,TX,75007
1569,1927 E BELT LINE RD STE 136,CARROLLTON,TX,75006
1570,1529 W BUCKINGHAM RD STE 6,GARLAND,TX,75042
1571,11501 ELAM RD,BALCH SPRINGS,TX,75180
1572,10433 GARLAND RD,DALLAS,TX,75218
1573,2712 W IRVING BLVD,IRVING,TX,75061
1574,3530 SUNNYVALE ST,DALLAS,TX,75216
1575,9531 C F HAWN FWY,DALLAS,TX,75217
1576,1634 MARKET CENTER BLVD,DALLAS,TX,75207
1577,5526 E R L THORNTON FWY,DALLAS,TX,75223
1578,5848 HIGHWAY 78 STE 118,SACHSE,TX,75048
1579,4212 OAK LAWN AVE,DALLAS,TX,75219
1580,2376 LAVON DR STE 110,GARLAND,TX,75040
1581,2440 N INTERNATIONAL PKWY,GRAPEVINE,TX,75261
1582,1901 S HARWOOD ST APT 201,DALLAS,TX,75215
1583,8306 KATE ST STE 9,DALLAS,TX,75225
1584,6810 MURPHY RD STE 500,SACHSE,TX,75048
1585,1155 E RED BIRD LN,DALLAS,TX,75241
1586,1927 GREENVILLE AVE,DALLAS,TX,75206
1587,920 S HARWOOD ST STE 150,DALLAS,TX,75201
1588,302 N MARSALIS AVE,DALLAS,TX,75203
1589,4306 SATURN RD,GARLAND,TX,75041
1590,3230 W DAVIS ST,DALLAS,TX,75211
1591,5112 W DAVIS ST,DALLAS,TX,75211
1592,230 W PIONEER PKWY,GRAND PRAIRIE,TX,75051
1593,2603 HICKORY TREE RD,BALCH SPRINGS,TX,75180
1594,2608 ELM ST,DALLAS,TX,75226
1595,2661 MIDWAY RD STE 200,CARROLLTON,TX,75006
1596,4101 W WHEATLAND RD,DALLAS,TX,75237
1597,1500 N HAMPTON RD,DESOTO,TX,75115
1598,408 N HAMPTON RD,DALLAS,TX,75208
1599,5401 N PRESIDENT GEORGE BUSH HWY,GARLAND,TX,75044
1600,5618 JESTER DR,GARLAND,TX,75044
1601,1910 PACIFIC AVE STE 20003368,DALLAS,TX,75201
1602,4024 ROSS AVE,DALLAS,TX,75204
1603,3845 N GARLAND AVE STE 300,GARLAND,TX,75040
1604,100 S CENTRAL EXPY STE 26C,RICHARDSON,TX,75080
1605,4523 MAPLE AVE,DALLAS,TX,75219
1606,2607 N STEMMONS FWY,DALLAS,TX,75207
1607,1701 S PEACHTREE RD,BALCH SPRINGS,TX,75180
1608,5552 E GRAND AVE STE C,DALLAS,TX,75223
1609,9648 OVERLAKE DR,DALLAS,TX,75220
1610,3480 S CARRIER PKWY STE 160,GRAND PRAIRIE,TX,75052
1611,901 N POLK ST STE 303,DESOTO,TX,75115
1612,14714 WEBB CHAPEL RD,FARMERS BRANCH,TX,75234
1613,3026 AL LIPSCOMB WAY,DALLAS,TX,75215
1614,3601 INTERSTATE 30,MESQUITE,TX,75150
1615,2380 N FIELD ST,DALLAS,TX,75201
1616,778 FORT WORTH AVE STE G100,DALLAS,TX,75208
1617,2630 WALNUT HILL LN,DALLAS,TX,75229
1618,127 E CENTERVILLE RD,GARLAND,TX,75041
1619,3401 SAINT FRANCIS AVE,DALLAS,TX,75228
1620,1100 CADIZ ST,DALLAS,TX,75215
1621,1707 ROBERT B CULLUM BLVD,DALLAS,TX,75210
1622,7491 S WESTMORELAND RD,DALLAS,TX,75237
1623,3021 N BUCKNER BLVD,DALLAS,TX,75228
1624,2101 S RIVERFRONT BLVD,DALLAS,TX,75207
1625,4645 GUS THOMASSON RD,MESQUITE,TX,75150
1626,8424 LAKE JUNE RD,DALLAS,TX,75217
1627,6867 GREENVILLE AVE,DALLAS,TX,75231
1628,210 N IRA AVE,DALLAS,TX,75211
1629,2218 GREENVILLE AVE,DALLAS,TX,75206
1630,3708 SHEPHERD LN,BALCH SPRINGS,TX,75180
1631,6411 BEXAR ST,DALLAS,TX,75215
1632,309 W KIEST BLVD STE B,DALLAS,TX,75224
1633,2020 S HARWOOD ST,DALLAS,TX,75215
1634,2506 S BELT LINE RD,GRAND PRAIRIE,TX,75052
1635,3888 OAK LAWN AVE,DALLAS,TX,75219
1636,2240 N PRAIRE CREEK RD # 300,DALLAS,TX,75217
1637,1101 S BEACON ST,DALLAS,TX,75223
1638,4018 N JUPITER RD,GARLAND,TX,75044
1639,3501 S PEACHTREE RD,BALCH SPRINGS,TX,75180
1640,3518 OAK LAWN AVE,DALLAS,TX,75219
1641,4008 URBAN AVE STE A,DALLAS,TX,75227
1642,2129 SW 3RD ST,GRAND PRAIRIE,TX,75051
1643,13010 SPRING OAK DR,BALCH SPRINGS,TX,75180
1644,3701 W CLARENDON DR STE 200,COCKRELL HILL,TX,75211
1645,500 S MACARTHUR BLVD STE 500,IRVING,TX,75060
1646,4121 GASTON AVE,DALLAS,TX,75246
1647,2502 S BELT LINE RD STE 100,GRAND PRAIRIE,TX,75052
1648,11405 LYNDON B JOHNSON FWY,GARLAND,TX,75041
1649,2880 FOREST LN,DALLAS,TX,75234
1650,6833 W NORTHWEST HWY,DALLAS,TX,75225
1651,888 S GREENVILLE AVE STE 100,RICHARDSON,TX,75081
1652,4703 MAPLE AVE,DALLAS,TX,75219
1653,3015 ARAPAHO RD,GARLAND,TX,75044
1654,11661 PRESTON RD STE 224,DALLAS,TX,75230
1655,2919 E ILLINOIS AVE,DALLAS,TX,75216
1656,7726 FOREST LN,DALLAS,TX,75230
1657,4062 LYNDON B JOHNSON FWY,DALLAS,TX,75244
1658,10560 WALNUT ST STE 500,DALLAS,TX,75243
1659,1428 N IRVING HEIGHTS DR,IRVING,TX,75061
1660,677 W CAMPBELL RD STE 100,RICHARDSON,TX,75080
1661,324 E BELT LINE RD,DESOTO,TX,75115
1662,909 DAVIS DR STE A,MESQUITE,TX,75149
1663,2203 LAGOW ST,DALLAS,TX,75210
1664,2815 N MACARTHUR BLVD,IRVING,TX,75062
1665,2304 W MOCKINGBIRD LN,DALLAS,TX,75235
1666,7002 HARRY HINES BLVD,DALLAS,TX,75235
1667,409 W 8TH ST,DALLAS,TX,75208
1668,9440 GARLAND RD STE 150,DALLAS,TX,75218
1669,1301 W DAVIS ST,DALLAS,TX,75208
1670,5235 W LOVERS LN,DALLAS,TX,75209
1671,5706 E MOCKINGBIRD LN STE 130,DALLAS,TX,75206
1672,3510 S BUCKNER BLVD STE A,DALLAS,TX,75227
1673,5000 BELT LINE RD STE 400,DALLAS,TX,75254
1674,1325 E BELT LINE RD,RICHARDSON,TX,75081
1675,805 MILL BRANCH DR,GARLAND,TX,75040
1676,1540 DANUBE DR,DALLAS,TX,75216
1677,3903 LEMMON AVE,DALLAS,TX,75219
1678,3233 W WHEATLAND RD,DALLAS,TX,75237
1679,1540 S 1ST ST,GARLAND,TX,75040
1680,2810 E TRINITY MILLS RD STE 213,CARROLLTON,TX,75006
1681,2223 SINGLETON BLVD STE 116,DALLAS,TX,75212
1682,8335 WESTCHESTER DR STE 200,DALLAS,TX,75225
1683,701 E IRVING BLVD,IRVING,TX,75060
1684,910 E PIONEER PKWY,GRAND PRAIRIE,TX,75051
1685,10720 PRESTON RD STE 1018,DALLAS,TX,75230
1686,1001 ROSS AVE STE 102,DALLAS,TX,75202
1687,610 PLYMOMOUTH PARK DR,IRVING,TX,75061
1688,1700 PACIFIC AVE # 108,DALLAS,TX,75201
1689,1232 S HAMPTON RD,DALLAS,TX,75208
1690,5750 E LOVERS LN,DALLAS,TX,75206
1691,5455 N JIM MILLER RD,DALLAS,TX,75227
1692,1420 W 6TH ST,IRVING,TX,75060
1693,273 HICKERSON ST,CEDAR HILL,TX,75104
1694,2905 ARKANSAS LN STE 103,GRAND PRAIRIE,TX,75052
1695,4349 W NORTHWEST HWY,DALLAS,TX,75220
1696,2332 ROCK ISLAND RD,IRVING,TX,75060
1697,4611 COLUMBIA AVE STE 103,DALLAS,TX,75226
1698,1425 E BELT LINE RD,RICHARDSON,TX,75081
1699,2700 MARKET ST,IRVING,TX,75062
1700,506 S RIVERFRONT BLVD,DALLAS,TX,75207
1701,3627 BONNIE VIEW RD STE B,DALLAS,TX,75216
1702,2960 ANODE LN,DALLAS,TX,75220
1703,1441 W MOCKINGBIRD LN,DALLAS,TX,75247
1704,2800 ROUTH ST STE 180,DALLAS,TX,75201
1705,2051 W NORTHWEST HWY STE 60,DALLAS,TX,75220
1706,701 COMMERCE ST # 530,DALLAS,TX,75202
1707,9111 FOREST LN # A,DALLAS,TX,75243
1708,5757 GREENVILLE AVE,DALLAS,TX,75206
1709,3209 N FITZHUGH AVE,DALLAS,TX,75204
1710,538 CENTENNIAL BLVD,RICHARDSON,TX,75081
1711,9975 N MACARTHUR BLVD,IRVING,TX,75063
1712,4322 LEMMON AVE,DALLAS,TX,75219
1713,601 PIONEER RD STE F,MESQUITE,TX,75149
1714,833 W JEFFERSON BLVD,DALLAS,TX,75208
1715,3232 SYLVAN AVE STE 110,DALLAS,TX,75212
1716,2605 FORT WORTH AVE STE 100,DALLAS,TX,75211
1717,5625 ALPHA RD,DALLAS,TX,75240
1718,1132 E LEDBETTER DR,DALLAS,TX,75216
1719,2705 N DALLAS AVE,LANCASTER,TX,75134
1720,196 W DAVIS ST,DALLAS,TX,75208
1721,1638 S 1ST ST STE B,GARLAND,TX,75040
1722,3420 W ILLINOIS AVE STE 100A,DALLAS,TX,75211
1723,101 S INTERSTATE 45 SERVICE RD STE 11,HUTCHINS,TX,75141
1724,9534 BECKLEY VIEW AVE,DALLAS,TX,75232
1725,7730 N MACARTHUR BLVD STE A,IRVING,TX,75063
1726,1610 S 1ST ST,GARLAND,TX,75040
1727,3200 E AIRFIELD DR SPC 109C,DFW AIRPORT,TX,75261
1728,2850 N HARWOOD ST STE 110,DALLAS,TX,75201
1729,11361 MCCREE RD STE 110,DALLAS,TX,75238
1730,4280 LAVON DR STE 242,GARLAND,TX,75040
1731,2984 W WHEATLAND RD STE E,DALLAS,TX,75237
1732,510 N NURSERY RD,IRVING,TX,75061
1733,1504 OLD ORCHARD DR,IRVING,TX,75061
1734,3128 MCKINNEY AVE STE D,DALLAS,TX,75204
1735,1205 ARKANSAS LN STE 100,GRAND PRAIRIE,TX,75052
1736,828 E IRVING BLVD STE 100,IRVING,TX,75060
1737,6171 BONNIE VIEW RD,DALLAS,TX,75241
1738,2770 VALWOOD PKWY,FARMERS BRANCH,TX,75234
1739,6659 AINTREE CIR,DALLAS,TX,75214
1740,3400 SAMUELL BLVD STE B,DALLAS,TX,75223
1741,2212 IRVING BLVD,DALLAS,TX,75207
1742,3221 FALLS DR,DALLAS,TX,75211
1743,3200 E AIRFIELD DR SPC 2046DA01,DALLAS,TX,75261
1744,1707 N HALL ST APT 216,DALLAS,TX,75204
1745,9191 FOREST LN STE 1A,DALLAS,TX,75243
1746,2825 LIVE OAK ST,DALLAS,TX,75204
1747,1701 SHAW ST,DALLAS,TX,75212
1748,607 S TYLER ST,DALLAS,TX,75208
1749,2014 N JUPITER RD,GARLAND,TX,75044
1750,12531 LAKE JUNE RD,BALCH SPRINGS,TX,75180
1751,888 S GREENVILLE AVE STE 222,RICHARDSON,TX,75081
1752,3880 IRVING MALL,IRVING,TX,75062
1753,2112 ROSEBUD DR,IRVING,TX,75060
1754,4388 SPRING VALLEY RD,FARMERS BRANCH,TX,75244
1755,7989 BELT LINE RD STE 146,DALLAS,TX,75248
1756,421 W LAWSON RD TRLR 40,DALLAS,TX,75253
1757,2607 SE 14TH ST,GRAND PRAIRIE,TX,75052
1758,2910 FORT WORTH AVE STE 101,DALLAS,TX,75211
1759,3305 W ROCHELLE RD,IRVING,TX,75062
1760,4450 W JEFFERSON BLVD,DALLAS,TX,75211
1761,4355 INTERSTATE 30 STE 102,MESQUITE,TX,75150
1762,5626 ALPHA RD,DALLAS,TX,75240
1763,4819 BERNAL DR,DALLAS,TX,75212
1764,10028 MONROE DR,DALLAS,TX,75229
1765,201 S ROGERS RD,IRVING,TX,75060
1766,3322 SYLVAN AVE,DALLAS,TX,75212
1767,3810 CONGRESS AVE,DALLAS,TX,75219
1768,2622 S ERVAY ST,DALLAS,TX,75215
1769,504 S MACARTHUR BLVD,IRVING,TX,75060
1770,2427 W MOCKINGBIRD LN,DALLAS,TX,75235
1771,2720 LIVE OAK ST,DALLAS,TX,75204
1772,11036 ALADDIN DR,DALLAS,TX,75229
1773,3212 N JUPITER RD,GARLAND,TX,75044
1774,2720 LIVE OAK ST,DALLAS,TX,75204
1775,4444 W ILLINOIS AVE STE 109,DALLAS,TX,75211
1776,1350 E BEAR CREEK RD,GLENN HEIGHTS,TX,75154
1777,3548 W WALNUT ST,GARLAND,TX,75042
1778,423 E LEDBETTER DR APT 126,DALLAS,TX,75216
1779,2301 W ROCHELLE RD,IRVING,TX,75062
1780,13881 INTERSTATE 20,BALCH SPRINGS,TX,75181
1781,1940 MILITARY PKWY,MESQUITE,TX,75149
1782,700 N PEARL ST,DALLAS,TX,75201
1783,3102 MAIN ST,DALLAS,TX,75226
1784,514 LOCKWOOD DR,RICHARDSON,TX,75080
1785,634 N CARRIER PKWY # 160,GRAND PRAIRIE,TX,75050
1786,8687 N CENTRAL EXPY STE 2E3-2340,DALLAS,TX,75225
1787,7300 N MACARTHUR BLVD STE 100,IRVING,TX,75063
1788,655 W ILLINOIS AVE STE 900,DALLAS,TX,75224
1789,5509 BROADWAY BLVD STE B,GARLAND,TX,75043
1790,2460 W ILLINOIS AVE,DALLAS,TX,75233
1791,7906 ROUNDROCK RD,DALLAS,TX,75248
1792,4441 LAWNVIEW AVE STE C,DALLAS,TX,75227
1793,3170 IRVING BLVD,DALLAS,TX,75247
1794,2550 GUS THOMASSON RD,DALLAS,TX,75228
1795,6780 ABRAMS RD STE 119,DALLAS,TX,75231
1796,1525 INWOOD RD,DALLAS,TX,75247
1797,2215 W WALNUT ST,GARLAND,TX,75042
1798,9658 PLANO RD STE 100,DALLAS,TX,75238
1799,1751 N COUNTRY CLUB RD,GARLAND,TX,75040
1800,4418 S MARSALIS AVE,DALLAS,TX,75216
1801,110 W SANDY LAKE RD STE 180,COPPELL,TX,75019
1802,203 E CAMP WISDOM RD STE A,DUNCANVILLE,TX,75116
1803,1710 W MOCKINGBIRD LN STE B,DALLAS,TX,75235
1804,7826 GARLAND RD,DALLAS,TX,75218
1805,1805 W CAMPBELL RD # 105,GARLAND,TX,75044
1806,1343 W CAMPBELL RD,RICHARDSON,TX,75080
1807,1518 NORTHWEST HWY,GARLAND,TX,75041
1808,2306 W 11TH ST,IRVING,TX,75060
1809,1107 S JOSEY LN,CARROLLTON,TX,75006
1810,9230 SKILLMAN ST,DALLAS,TX,75243
1811,4207 W JEFFERSON BLVD,DALLAS,TX,75211
1812,5040 LEMMON AVE,DALLAS,TX,75209
1813,3011 GULDEN LN STE 115,DALLAS,TX,75212
1814,8687 N CENTRAL EXPY STE 400B,DALLAS,TX,75225
1815,1201 ELM ST STE LL17,DALLAS,TX,75270
1816,8353 PARK LN,DALLAS,TX,75231
1817,1550 E IRVING BLVD,IRVING,TX,75060
1818,402 S FOREST CREST DR,GARLAND,TX,75042
1819,4043 TRINITY MILLS RD STE 114,DALLAS,TX,75287
1820,6807 W NORTHWEST HWY,DALLAS,TX,75225
1821,12516 AUDELIA RD,DALLAS,TX,75243
1822,1700 PACIFIC AVE STE 107,DALLAS,TX,75201
1823,2701 MAIN ST STE 160,DALLAS,TX,75226
1824,1344 N TOWN EAST BLVD,MESQUITE,TX,75150
1825,400 FIELDCREST CIR,COPPELL,TX,75019
1826,3101 MARQUIS DR,GARLAND,TX,75042
1827,7110 SKILLMAN ST,DALLAS,TX,75231
1828,2803 LAGOW ST,DALLAS,TX,75210
1829,5626 E R L THORNTON FWY,DALLAS,TX,75223
1830,3710 BELT LINE RD,ADDISON,TX,75001
1831,2001 ROSS AVE STE 150,DALLAS,TX,75201
1832,7730 N MACARTHUR BLVD STE 150,IRVING,TX,75063
1833,3527 US HIGHWAY 80 E,MESQUITE,TX,75150
1834,1105 W 6TH ST,IRVING,TX,75060
1835,428 E FM 1382,CEDAR HILL,TX,75104
1836,2130 W KINGSLEY RD,GARLAND,TX,75041
1837,530 NICKENS RD,GARLAND,TX,75043
1838,7617 TULANE DR,ROWLETT,TX,75088
1839,4900 BRYAN ST,DALLAS,TX,75206
1840,103 S INTERSTATE HIGHWAY 45,WILMER,TX,75172
1841,3011 GULDEN LN STE 111,DALLAS,TX,75212
1842,110 HENSLEY DR,GRAND PRAIRIE,TX,75050
1843,3102 MAIN ST,DALLAS,TX,75226
1844,3350 BROADWAY BLVD,GARLAND,TX,75043
1845,524 W BELT LINE RD STE 4,RICHARDSON,TX,75080
1846,3400 BELTLINE RD,SUNNYVALE,TX,75182
1847,5550 E GRAND AVE,DALLAS,TX,75223
1848,105 S INTERSTATE HIGHWAY 45,WILMER,TX,75172
1849,1138 PLEASANT VALLEY RD STE F,GARLAND,TX,75040
1850,3246 W WALNUT ST,GARLAND,TX,75042
1851,3111 OLYMPUS BLVD STE 120,COPPELL,TX,75019
1852,1921 N PLANO RD,GARLAND,TX,75042
1853,5033 S 2ND AVE,DALLAS,TX,75210
1854,7460 S WESTMORELAND RD STE 100,DALLAS,TX,75237
1855,1830 RANGE DR STE 106,MESQUITE,TX,75149
1856,8550 PLANO RD STE 101,DALLAS,TX,75238
1857,2205 WALNUT CREEK TRL,GARLAND,TX,75040
1858,11732 MARSH LN,DALLAS,TX,75229
1859,4120 W JEFFERSON BLVD,COCKRELL HILL,TX,75211
1860,3121 E LEDBETTER DR STE 104B,DALLAS,TX,75216
1861,609 HARVEST GLEN DR,CEDAR HILL,TX,75104
1862,7903 LEIGH ANN DR,DALLAS,TX,75232
1863,9721 RUSTOWN DR,DALLAS,TX,75228
1864,934 E GRAUWYLER RD,IRVING,TX,75061
1865,1560 S 1ST ST STE C,GARLAND,TX,75040
1866,409 N BRIERY RD,IRVING,TX,75061
1867,9858 PLANO RD STE 306,DALLAS,TX,75238
1868,502 CLAY MATHIS RD,MESQUITE,TX,75181
1869,2500 S CARRIER PKWY STE B,GRAND PRAIRIE,TX,75052
1870,415 S CARROLL AVE STE 104,DALLAS,TX,75223
1871,4630 STIGALL DR,DALLAS,TX,75209
1872,995 W BELT LINE RD,LANCASTER,TX,75146
1873,3610 INWOOD RD,DALLAS,TX,75209
1874,9505 LARGA DR,DALLAS,TX,75220
1875,2915 ESTERS RD,IRVING,TX,75062
1876,9531 C F HAWN FWY,DALLAS,TX,75217
1877,425 CONEFLOWER DR STE B05,GARLAND,TX,75040
1878,3008 N BELT LINE RD,IRVING,TX,75062
1879,7777 FOREST LN STE A098,DALLAS,TX,75230
1880,969 S LAMAR ST,DALLAS,TX,75202
1881,2518 W KINGSLEY RD STE 101,GARLAND,TX,75041
1882,3114 IVANDELL AVE,DALLAS,TX,75211
1883,2007 W DAVIS ST,DALLAS,TX,75208
1884,4835 N OCONNOR RD STE 112,IRVING,TX,75062
1885,425 S BELT LINE RD STE A,GRAND PRAIRIE,TX,75051
1886,2004 N MASTERS DR,DALLAS,TX,75217
1887,1080 W BETHEL RD,COPPELL,TX,75019
1888,3983 N BELT LINE RD,IRVING,TX,75038
1889,602 N HALL ST,SEAGOVILLE,TX,75159
1890,4950 W ILLINOIS AVE STE 103,DALLAS,TX,75211
1891,1328 N JIM MILLER RD STE 113,DALLAS,TX,75217
1892,444 W INTERSTATE 20,GRAND PRAIRIE,TX,75052
1893,3034 WEBB CHAPEL EXT STE 100,DALLAS,TX,75220
1894,7932 S LOOP 12,DALLAS,TX,75217
1895,6055 SHERRY LN,DALLAS,TX,75225
1896,13329 MONTFORT DR,DALLAS,TX,75240
1897,513 WALES CT,COPPELL,TX,75019
1898,2806 N HIGHWAY 175,SEAGOVILLE,TX,75159
1899,1518 W BUCKINGHAM RD,GARLAND,TX,75042
1900,2242 S ZANG BLVD,DALLAS,TX,75224
1901,2022 N GLENBROOK DR,GARLAND,TX,75040
1902,1800 N HENDERSON AVE,DALLAS,TX,75206
1903,4001 LEMMON AVE,DALLAS,TX,75219
1904,1800 S AKARD ST,DALLAS,TX,75215
1905,2913 MONTICELLO LN,LANCASTER,TX,75134
1906,1290 BOTHAM JEAN BLVD,DALLAS,TX,75215
1907,7001 FAIRFIELD DR,ROWLETT,TX,75089
1908,5748 LIVE OAK ST,DALLAS,TX,75206
1909,301 MODENE ST TRLR 29,SEAGOVILLE,TX,75159
1910,3322 SYLVAN AVE,DALLAS,TX,75212
1911,362 E FM 1382,CEDAR HILL,TX,75104
1912,1530 MAIN ST STE B,DALLAS,TX,75201
1913,4919 W DAVIS ST STE 150,DALLAS,TX,75211
1914,5608 BOTHAM JEAN BLVD,DALLAS,TX,75215
1915,543 S RIVERFRONT BLVD,DALLAS,TX,75207
1916,1220 N TOWN EAST BLVD STE 650,MESQUITE,TX,75150
1917,314 S BARNES DR,GARLAND,TX,75042
1918,9371 GARLAND RD STE B,DALLAS,TX,75218
1919,11722 MARSH LN STE 317,DALLAS,TX,75229
1920,101 SUNRIDGE BLVD,WILMER,TX,75172
1921,3001 LAKEVIEW PKWY,ROWLETT,TX,75088
1922,110 W SANDY LAKE RD,COPPELL,TX,75019
1923,362 E FM 1382,CEDAR HILL,TX,75104
1924,1343 W CAMPBELL RD,RICHARDSON,TX,75080
1925,9530 OVERLAKE DR STE A,DALLAS,TX,75220
1926,3301 GUS THOMASSON RD,MESQUITE,TX,75150
1927,3699 MCKINNEY AVE STE 101,DALLAS,TX,75204
1928,10658 N CENTRAL EXPY,DALLAS,TX,75231
1929,1314 S BUCKNER BLVD STE 200,DALLAS,TX,75217
1930,1823 S EDGEFIELD AVE,DALLAS,TX,75224
1931,13350 AUDELIA RD STE 110,DALLAS,TX,75243
1932,4857 CALVERT ST,DALLAS,TX,75247
1933,1827 S HASKELL AVE,DALLAS,TX,75223
1934,4020 W CAMP WISDOM RD,DALLAS,TX,75237
1935,3878 OAK LAWN AVE STE 180,DALLAS,TX,75219
1936,4750 N JUPITER RD,GARLAND,TX,75044
1937,4203 SOMERVILLE AVE,DALLAS,TX,75206
1938,1501 RANDOLPH ST,CARROLLTON,TX,75006
1939,2002 HIGHWAY 66,GARLAND,TX,75040
1940,4707 S CENTRAL EXPY,DALLAS,TX,75215
1941,219 CROWN POINT DR,COPPELL,TX,75019
1942,6011 W DAVIS ST,DALLAS,TX,75211
1943,1456 BELT LINE RD STE 147,GARLAND,TX,75044
1944,1806 WESTMINSTER DR,GRAND PRAIRIE,TX,75050
1945,2155 MARSH LN STE 138,CARROLLTON,TX,75006
1946,5335 BROADWAY BLVD STE 210,GARLAND,TX,75043
1947,1311 GRINNELL DR,RICHARDSON,TX,75081
1948,1472 N HAMPTON RD STE 100,DESOTO,TX,75115
1949,230 N DENTON TAP RD STE 110,COPPELL,TX,75019
1950,3301 BERNAL DR,DALLAS,TX,75212
1951,1863 N PLANO RD,RICHARDSON,TX,75081
1952,3480 S CARRIER PKWY STE 200,GRAND PRAIRIE,TX,75052
1953,13434 FLOYD CIR,DALLAS,TX,75243
1954,2050 N PLANO RD # 300-E,RICHARDSON,TX,75082
1955,9630 INWOOD RD,DALLAS,TX,75220
1956,2910 RUDER ST # A,DALLAS,TX,75212
1957,4717 WILDWOOD RD,DALLAS,TX,75209
1958,4865 SUNNYVALE ST STE C,DALLAS,TX,75216
1959,2711 COOMBS CREEK DR,DALLAS,TX,75211
1960,3033 S WESTMORELAND RD,DALLAS,TX,75233
1961,3502 S CARRIER PKWY STE D,GRAND PRAIRIE,TX,75052
1962,11700 PRESTON RD STE 630,DALLAS,TX,75230
1963,5920 FOREST PARK RD,DALLAS,TX,75235
1964,700 N MACARTHUR BLVD,IRVING,TX,75061
1965,11361 MCCREE RD UNIT 160,DALLAS,TX,75238
1966,6030 LUTHER LN STE 160,DALLAS,TX,75225
1967,1335 N BELT LINE RD STE 13,IRVING,TX,75061
1968,960 E SANDY LAKE RD,COPPELL,TX,75019
1969,2233 N PRAIRIE CREEK RD STE C2-B,DALLAS,TX,75227
1970,3217 MALCOLM X BLVD,DALLAS,TX,75215
1971,1410 WOODED LAKE DR,MESQUITE,TX,75150
1972,14215 COIT RD STE 104,DALLAS,TX,75254
1973,4291 DFW TPKE,DALLAS,TX,75211
1974,1402 NORTHWEST HWY STE 100,GARLAND,TX,75041
1975,4815 COLLINS AVE,DALLAS,TX,75210
1976,8501 OLD HICKORY TRL APT 1206,DALLAS,TX,75237
1977,1721 BELT LINE RD,GARLAND,TX,75044
1978,3631 DELFORD CIR,DALLAS,TX,75228
1979,658 W INTERSTATE 30 STE 11K,GARLAND,TX,75043
1980,2837 E LEDBETTER DR,DALLAS,TX,75216
1981,2739 W NORTHWEST HWY,DALLAS,TX,75220
1982,4520 BOTHAM JEAN BLVD,DALLAS,TX,75215
1983,11911 RYLIECREST DR,BALCH SPRINGS,TX,75180
1984,6501 DALROCK RD STE 102,ROWLETT,TX,75089
1985,1622 MORRELL AVE,DALLAS,TX,75203
1986,10854 PRESTON RD,DALLAS,TX,75230
1987,4448 S MARSALIS AVE,DALLAS,TX,75216
1988,2726 W IRVING BLVD,IRVING,TX,75061
1989,1314 N DALLAS AVE,LANCASTER,TX,75134
1990,3225 W PLEASANT RUN RD STE 102A,LANCASTER,TX,75146
1991,2585 FAITHON P LUCAS SR BLVD STE 600,MESQUITE,TX,75181
1992,13350 DALLAS PKWY STE 2655,DALLAS,TX,75240
1993,405 S BELT LINE RD,GRAND PRAIRIE,TX,75051
1994,3526 SAMUELL BLVD,DALLAS,TX,75223
1995,2120 N SAINT AUGUSTINE DR STE 130,DALLAS,TX,75227
1996,2407 W AIRPORT FWY,IRVING,TX,75062
1997,2680 OLD DENTON RD STE 172,CARROLLTON,TX,75007
1998,2407 W AIRPORT FWY,IRVING,TX,75062
1999,14311 SKYFROST DR TRLR 176,DALLAS,TX,75253
2000,3324 SAMUELL BLVD,DALLAS,TX,75223
2001,5424 KLEBERG DR,GRAND PRAIRIE,TX,75052
2002,1157 EASTON RD STE 108,DALLAS,TX,75218
2003,4830 S LANCASTER RD,DALLAS,TX,75216
2004,8701 LIBERTY GROVE RD STE 600,ROWLETT,TX,75089
2005,3620 W PIONEER DR STE 100,IRVING,TX,75061
2006,3699 MCKINNEY AVE STE 510,DALLAS,TX,75204
2007,3629 HOLMES ST,DALLAS,TX,75215
2008,515 W CAMPBELL RD,RICHARDSON,TX,75080
2009,1005 S JOSEY LN,CARROLLTON,TX,75006
2010,3802 N TOWN EAST BLVD,MESQUITE,TX,75150
2011,9761 WALNUT ST,DALLAS,TX,75243
2012,4512 BORDEAUX AVE,DALLAS,TX,75205
2013,1308 E BEAR CREEK RD STE 270,GLENN HEIGHTS,TX,75154
2014,8068 PARK LN APT 403,DALLAS,TX,75231
2015,5528 ALPHA RD STE 108,DALLAS,TX,75240
2016,6024 BROADWAY BLVD,GARLAND,TX,75043
2017,2412 W KIEST BLVD,DALLAS,TX,75233
2018,438 E WHEATLAND RD # 438,DUNCANVILLE,TX,75116
2019,6155 SAMUELL BLVD STE 150,DALLAS,TX,75228
2020,4945 MORRIS AVE APT 4348,ADDISON,TX,75001
2021,909 E DAVIS ST STE C,MESQUITE,TX,75149
2022,2204 KELLY BLVD STE 101,CARROLLTON,TX,75006
2023,6001 FOREST PARK RD,DALLAS,TX,75235
2024,4607 VILLAGE FAIR DR STE 317,DALLAS,TX,75224
2025,6411 GREAT TRINITY FOREST WAY,DALLAS,TX,75217
2026,4107 W JEFFERSON BLVD,DALLAS,TX,75211
2027,6302 GLENMOOR DR,GARLAND,TX,75043
2028,4830 S LANCASTER RD,DALLAS,TX,75216
2029,1009 VIA VALENCIA,MESQUITE,TX,75150
2030,10020 ROYAL LN,DALLAS,TX,75238
2031,3435 N BELT LINE RD,IRVING,TX,75062
2032,2150 GUS THOMASSON RD APT 2215,MESQUITE,TX,75150
2033,17120 DALLAS PKWY STE 101,DALLAS,TX,75248
2034,620 NORTHPARK CTR,DALLAS,TX,75225
2035,1915 PETERS RD STE 213,IRVING,TX,75061
2036,1710 W MOCKINGBIRD LN UNIT B,DALLAS,TX,75235
2037,2630 N JOSEY LN,CARROLLTON,TX,75007
2038,211 N ERVAY ST STE 1423,DALLAS,TX,75201
2039,305 W FM 1382 SPC 608,CEDAR HILL,TX,75104
2040,1044 TOWN EAST MALL,MESQUITE,TX,75150
2041,5331 E MOCKINGBIRD LN,DALLAS,TX,75206
2042,13350 DALLAS PKWY,DALLAS,TX,75240
2043,7555 N MACARTHUR BLVD,IRVING,TX,75063
2044,10825 DENNIS RD STE 102,DALLAS,TX,75229
2045,241 E FM 1382 STE 310,CEDAR HILL,TX,75104
2046,1515 N TOWN EAST BLVD,MESQUITE,TX,75150
2047,374 E FM 1382 STE E,CEDAR HILL,TX,75104
2048,355 CEDAR SAGE DR,GARLAND,TX,75040
2049,1409 S LAMAR ST APT 10,DALLAS,TX,75215
2050,2063 TOWN EAST MALL # 5521,MESQUITE,TX,75150
2051,7410 HARRY HINES BLVD,DALLAS,TX,75235
2052,1615 SINGLETON BLVD STE B,DALLAS,TX,75212
2053,1501 N HAMPTON RD,DESOTO,TX,75115
2054,3980 S BELT LINE RD,GRAND PRAIRIE,TX,75052
2055,2650 MIDWAY RD STE 122,CARROLLTON,TX,75006
2056,701 E IRVING BLVD,IRVING,TX,75060
2057,2063 TOWN EAST MALL,MESQUITE,TX,75150
2058,513 W JEFFERSON ST STE 105,GRAND PRAIRIE,TX,75051
2059,201 S BELT LINE RD STE 103,IRVING,TX,75060
2060,3609 GREENVILLE AVE,DALLAS,TX,75206
2061,4020 W CAMP WISDOM RD,DALLAS,TX,75237
2062,2412 W LEDBETTER DR,DALLAS,TX,75233
2063,643 RICKEY CANYON AVE,DESOTO,TX,75115
2064,1900 MARKET PLACE BLVD STE 110,IRVING,TX,75063
2065,4945 CROOKED LN,DALLAS,TX,75229
2066,203 N BELTLINE RD,GRAND PRAIRIE,TX,75050
2067,3708 SAMUELL BLVD,DALLAS,TX,75228
2068,9015 GUNNISON DR,DALLAS,TX,75231
2069,2701 E GRAUWYLER RD BLDG 1DPT,IRVING,TX,75061
2070,7932 LAKE JUNE RD,DALLAS,TX,75217
2071,1130 S BELT LINE RD STE 100,DALLAS,TX,75253
2072,3032 AL LIPSCOMB WAY,DALLAS,TX,75215
2073,655 W ILLINOIS AVE,DALLAS,TX,75224
2074,101 N HAMPTON RD STE 105,DESOTO,TX,75115
2075,501 WARREN DR,GARLAND,TX,75042
2076,2051 W NORTHWEST HWY STE 53,DALLAS,TX,75220
2077,3501 GUS THOMASSON RD STE 103,MESQUITE,TX,75150
2078,9780 LYNDON B JOHNSON FWY,DALLAS,TX,75243
2079,129 N COLLINS RD,SUNNYVALE,TX,75182
2080,1141 E WALNUT ST,GARLAND,TX,75040
2081,685 TOWN SQUARE BLVD,GARLAND,TX,75040
2082,701 W JEFFERSON ST,GRAND PRAIRIE,TX,75051
2083,2915 COMMUNITY DR STE 101,DALLAS,TX,75220
2084,1720 W BRUTON RD STE 100,BALCH SPRINGS,TX,75180
2085,6106 SKILLMAN ST,DALLAS,TX,75231
2086,323 N STORY RD,IRVING,TX,75061
2087,6465 E MOCKINGBIRD LN STE 354,DALLAS,TX,75214
2088,1105 S BROADWAY ST,CARROLLTON,TX,75006
2089,3115 BUNKER HILL RD STE 109,SACHSE,TX,75048
2090,7310 MARVIN D LOVE FWY APT 125,DALLAS,TX,75237
2091,6923 SCYENE RD,DALLAS,TX,75227
2092,2050 N PLANO RD # 300C,RICHARDSON,TX,75082
2093,10110 ROYAL LN STE 180,DALLAS,TX,75238
2094,801 N O CONNOR RD # 1007,IRVING,TX,75061
2095,2714 S 2ND AVE,DALLAS,TX,75210
2096,3503 ROWLETT RD STE J104,ROWLETT,TX,75088
2097,3116 AL LIPSCOMB WAY,DALLAS,TX,75215
2098,1700 PACIFIC AVE STE 108,DALLAS,TX,75201
